,championId,championLevel,championPoints,lastPlayTime,championPointsSinceLastLevel,championPointsUntilNextLevel,chestGranted,tokensEarned,summonerId
0,74,7,1135895,1615414715000,1114295,0,True,0,5kuUPBajcvsY4fUYMTxV2_SoR9TirRb52TBj9CmQiga2mA
1,92,7,351387,1607202683000,329787,0,False,0,5kuUPBajcvsY4fUYMTxV2_SoR9TirRb52TBj9CmQiga2mA
2,157,7,226899,1613415470000,205299,0,False,0,5kuUPBajcvsY4fUYMTxV2_SoR9TirRb52TBj9CmQiga2mA
3,8,6,118422,1615221224000,96822,0,False,2,5kuUPBajcvsY4fUYMTxV2_SoR9TirRb52TBj9CmQiga2mA
4,40,7,113282,1607889096000,91682,0,False,0,5kuUPBajcvsY4fUYMTxV2_SoR9TirRb52TBj9CmQiga2mA
5,81,6,92960,1606604864000,71360,0,False,1,5kuUPBajcvsY4fUYMTxV2_SoR9TirRb52TBj9CmQiga2mA
6,238,6,89338,1614213376000,67738,0,False,1,5kuUPBajcvsY4fUYMTxV2_SoR9TirRb52TBj9CmQiga2mA
7,25,6,72754,1615142171000,51154,0,False,1,5kuUPBajcvsY4fUYMTxV2_SoR9TirRb52TBj9CmQiga2mA
8,236,7,57897,1590302118000,36297,0,False,0,5kuUPBajcvsY4fUYMTxV2_SoR9TirRb52TBj9CmQiga2mA
9,114,5,57280,1605447743000,35680,0,False,2,5kuUPBajcvsY4fUYMTxV2_SoR9TirRb52TBj9CmQiga2mA
10,43,6,53697,1611607805000,32097,0,False,1,5kuUPBajcvsY4fUYMTxV2_SoR9TirRb52TBj9CmQiga2mA
11,76,7,52265,1615134503000,30665,0,True,0,5kuUPBajcvsY4fUYMTxV2_SoR9TirRb52TBj9CmQiga2mA
12,98,5,51977,1604693341000,30377,0,False,2,5kuUPBajcvsY4fUYMTxV2_SoR9TirRb52TBj9CmQiga2mA
13,84,6,51603,1604432828000,30003,0,False,0,5kuUPBajcvsY4fUYMTxV2_SoR9TirRb52TBj9CmQiga2mA
14,90,5,44871,1607641113000,23271,0,False,1,5kuUPBajcvsY4fUYMTxV2_SoR9TirRb52TBj9CmQiga2mA
15,39,6,40525,1596205662000,18925,0,False,0,5kuUPBajcvsY4fUYMTxV2_SoR9TirRb52TBj9CmQiga2mA
16,432,5,39182,1615132542000,17582,0,False,2,5kuUPBajcvsY4fUYMTxV2_SoR9TirRb52TBj9CmQiga2mA
17,42,5,36528,1610470567000,14928,0,False,0,5kuUPBajcvsY4fUYMTxV2_SoR9TirRb52TBj9CmQiga2mA
18,37,6,35774,1607881711000,14174,0,False,0,5kuUPBajcvsY4fUYMTxV2_SoR9TirRb52TBj9CmQiga2mA
19,41,5,34941,1585795997000,13341,0,False,2,5kuUPBajcvsY4fUYMTxV2_SoR9TirRb52TBj9CmQiga2mA
20,117,5,34853,1606873995000,13253,0,False,2,5kuUPBajcvsY4fUYMTxV2_SoR9TirRb52TBj9CmQiga2mA
21,16,5,34718,1614305256000,13118,0,False,2,5kuUPBajcvsY4fUYMTxV2_SoR9TirRb52TBj9CmQiga2mA
22,141,5,34589,1613325889000,12989,0,False,2,5kuUPBajcvsY4fUYMTxV2_SoR9TirRb52TBj9CmQiga2mA
23,55,5,33638,1606880692000,12038,0,False,2,5kuUPBajcvsY4fUYMTxV2_SoR9TirRb52TBj9CmQiga2mA
24,235,6,32977,1615137809000,11377,0,False,0,5kuUPBajcvsY4fUYMTxV2_SoR9TirRb52TBj9CmQiga2mA
25,91,5,32333,1613167903000,10733,0,True,2,5kuUPBajcvsY4fUYMTxV2_SoR9TirRb52TBj9CmQiga2mA
26,121,5,31304,1605538381000,9704,0,False,2,5kuUPBajcvsY4fUYMTxV2_SoR9TirRb52TBj9CmQiga2mA
27,75,6,31024,1606596737000,9424,0,False,0,5kuUPBajcvsY4fUYMTxV2_SoR9TirRb52TBj9CmQiga2mA
28,15,5,29368,1615267328000,7768,0,False,2,5kuUPBajcvsY4fUYMTxV2_SoR9TirRb52TBj9CmQiga2mA
29,11,6,28529,1596421368000,6929,0,False,0,5kuUPBajcvsY4fUYMTxV2_SoR9TirRb52TBj9CmQiga2mA
30,14,5,27413,1572995854000,5813,0,False,0,5kuUPBajcvsY4fUYMTxV2_SoR9TirRb52TBj9CmQiga2mA
31,412,5,26750,1615131135000,5150,0,False,2,5kuUPBajcvsY4fUYMTxV2_SoR9TirRb52TBj9CmQiga2mA
32,30,5,26505,1613317045000,4905,0,True,0,5kuUPBajcvsY4fUYMTxV2_SoR9TirRb52TBj9CmQiga2mA
33,33,5,26333,1587481258000,4733,0,False,2,5kuUPBajcvsY4fUYMTxV2_SoR9TirRb52TBj9CmQiga2mA
34,516,5,26295,1581957154000,4695,0,False,2,5kuUPBajcvsY4fUYMTxV2_SoR9TirRb52TBj9CmQiga2mA
35,107,5,26291,1599844313000,4691,0,False,1,5kuUPBajcvsY4fUYMTxV2_SoR9TirRb52TBj9CmQiga2mA
36,111,5,25237,1599958578000,3637,0,False,0,5kuUPBajcvsY4fUYMTxV2_SoR9TirRb52TBj9CmQiga2mA
37,22,5,25214,1613423190000,3614,0,False,1,5kuUPBajcvsY4fUYMTxV2_SoR9TirRb52TBj9CmQiga2mA
38,164,5,25179,1610925227000,3579,0,False,2,5kuUPBajcvsY4fUYMTxV2_SoR9TirRb52TBj9CmQiga2mA
39,17,5,25039,1614301811000,3439,0,True,2,5kuUPBajcvsY4fUYMTxV2_SoR9TirRb52TBj9CmQiga2mA
40,21,5,24745,1614643946000,3145,0,True,0,5kuUPBajcvsY4fUYMTxV2_SoR9TirRb52TBj9CmQiga2mA
41,126,5,23292,1607659888000,1692,0,False,0,5kuUPBajcvsY4fUYMTxV2_SoR9TirRb52TBj9CmQiga2mA
42,59,5,22121,1612743829000,521,0,False,0,5kuUPBajcvsY4fUYMTxV2_SoR9TirRb52TBj9CmQiga2mA
43,38,5,22046,1607835223000,446,0,False,0,5kuUPBajcvsY4fUYMTxV2_SoR9TirRb52TBj9CmQiga2mA
44,57,4,21248,1608931621000,8648,352,False,0,5kuUPBajcvsY4fUYMTxV2_SoR9TirRb52TBj9CmQiga2mA
45,517,4,20982,1589492271000,8382,618,False,0,5kuUPBajcvsY4fUYMTxV2_SoR9TirRb52TBj9CmQiga2mA
46,54,4,20284,1579432382000,7684,1316,False,0,5kuUPBajcvsY4fUYMTxV2_SoR9TirRb52TBj9CmQiga2mA
47,145,4,20178,1606856842000,7578,1422,False,0,5kuUPBajcvsY4fUYMTxV2_SoR9TirRb52TBj9CmQiga2mA
48,29,4,19752,1613059777000,7152,1848,False,0,5kuUPBajcvsY4fUYMTxV2_SoR9TirRb52TBj9CmQiga2mA
49,56,4,19553,1523340277000,6953,2047,False,0,5kuUPBajcvsY4fUYMTxV2_SoR9TirRb52TBj9CmQiga2mA
50,35,4,19195,1612740101000,6595,2405,False,0,5kuUPBajcvsY4fUYMTxV2_SoR9TirRb52TBj9CmQiga2mA
51,85,4,19187,1531078809000,6587,2413,False,0,5kuUPBajcvsY4fUYMTxV2_SoR9TirRb52TBj9CmQiga2mA
52,245,4,18821,1590007347000,6221,2779,False,0,5kuUPBajcvsY4fUYMTxV2_SoR9TirRb52TBj9CmQiga2mA
53,36,4,18446,1613166300000,5846,3154,True,0,5kuUPBajcvsY4fUYMTxV2_SoR9TirRb52TBj9CmQiga2mA
54,105,4,17949,1607830435000,5349,3651,False,0,5kuUPBajcvsY4fUYMTxV2_SoR9TirRb52TBj9CmQiga2mA
55,104,4,17896,1606868393000,5296,3704,False,0,5kuUPBajcvsY4fUYMTxV2_SoR9TirRb52TBj9CmQiga2mA
56,12,4,16245,1572738828000,3645,5355,False,0,5kuUPBajcvsY4fUYMTxV2_SoR9TirRb52TBj9CmQiga2mA
57,24,4,16134,1590039961000,3534,5466,False,0,5kuUPBajcvsY4fUYMTxV2_SoR9TirRb52TBj9CmQiga2mA
58,63,4,15775,1615080247000,3175,5825,True,0,5kuUPBajcvsY4fUYMTxV2_SoR9TirRb52TBj9CmQiga2mA
59,67,4,15534,1607874502000,2934,6066,False,0,5kuUPBajcvsY4fUYMTxV2_SoR9TirRb52TBj9CmQiga2mA
60,131,4,14965,1584450116000,2365,6635,False,0,5kuUPBajcvsY4fUYMTxV2_SoR9TirRb52TBj9CmQiga2mA
61,6,4,14213,1564878449000,1613,7387,False,0,5kuUPBajcvsY4fUYMTxV2_SoR9TirRb52TBj9CmQiga2mA
62,45,4,14066,1602966116000,1466,7534,False,0,5kuUPBajcvsY4fUYMTxV2_SoR9TirRb52TBj9CmQiga2mA
63,202,4,13205,1607133475000,605,8395,False,0,5kuUPBajcvsY4fUYMTxV2_SoR9TirRb52TBj9CmQiga2mA
64,89,4,13019,1586110447000,419,8581,False,0,5kuUPBajcvsY4fUYMTxV2_SoR9TirRb52TBj9CmQiga2mA
65,420,4,12611,1606694006000,11,8989,False,0,5kuUPBajcvsY4fUYMTxV2_SoR9TirRb52TBj9CmQiga2mA
66,51,3,12468,1613422327000,6468,132,False,0,5kuUPBajcvsY4fUYMTxV2_SoR9TirRb52TBj9CmQiga2mA
67,26,3,11741,1579393016000,5741,859,False,0,5kuUPBajcvsY4fUYMTxV2_SoR9TirRb52TBj9CmQiga2mA
68,23,3,11704,1606485851000,5704,896,False,0,5kuUPBajcvsY4fUYMTxV2_SoR9TirRb52TBj9CmQiga2mA
69,31,3,11085,1608997849000,5085,1515,False,0,5kuUPBajcvsY4fUYMTxV2_SoR9TirRb52TBj9CmQiga2mA
70,10,3,10763,1608999571000,4763,1837,False,0,5kuUPBajcvsY4fUYMTxV2_SoR9TirRb52TBj9CmQiga2mA
71,50,3,10750,1593465713000,4750,1850,False,0,5kuUPBajcvsY4fUYMTxV2_SoR9TirRb52TBj9CmQiga2mA
72,34,3,10669,1611359406000,4669,1931,False,0,5kuUPBajcvsY4fUYMTxV2_SoR9TirRb52TBj9CmQiga2mA
73,110,3,10466,1614906064000,4466,2134,True,0,5kuUPBajcvsY4fUYMTxV2_SoR9TirRb52TBj9CmQiga2mA
74,9,3,10324,1609001524000,4324,2276,False,0,5kuUPBajcvsY4fUYMTxV2_SoR9TirRb52TBj9CmQiga2mA
75,113,3,10310,1498851335000,4310,2290,False,0,5kuUPBajcvsY4fUYMTxV2_SoR9TirRb52TBj9CmQiga2mA
76,64,3,9963,1586132403000,3963,2637,False,0,5kuUPBajcvsY4fUYMTxV2_SoR9TirRb52TBj9CmQiga2mA
77,106,3,9952,1596485272000,3952,2648,False,0,5kuUPBajcvsY4fUYMTxV2_SoR9TirRb52TBj9CmQiga2mA
78,161,3,9867,1607654789000,3867,2733,False,0,5kuUPBajcvsY4fUYMTxV2_SoR9TirRb52TBj9CmQiga2mA
79,142,3,9655,1607817768000,3655,2945,False,0,5kuUPBajcvsY4fUYMTxV2_SoR9TirRb52TBj9CmQiga2mA
80,3,3,9610,1588513292000,3610,2990,False,0,5kuUPBajcvsY4fUYMTxV2_SoR9TirRb52TBj9CmQiga2mA
81,7,3,9581,1599403791000,3581,3019,False,0,5kuUPBajcvsY4fUYMTxV2_SoR9TirRb52TBj9CmQiga2mA
82,86,3,9441,1589495447000,3441,3159,False,0,5kuUPBajcvsY4fUYMTxV2_SoR9TirRb52TBj9CmQiga2mA
83,143,3,9356,1607658069000,3356,3244,False,0,5kuUPBajcvsY4fUYMTxV2_SoR9TirRb52TBj9CmQiga2mA
84,77,3,9194,1497714928000,3194,3406,False,0,5kuUPBajcvsY4fUYMTxV2_SoR9TirRb52TBj9CmQiga2mA
85,134,3,9118,1615265488000,3118,3482,False,0,5kuUPBajcvsY4fUYMTxV2_SoR9TirRb52TBj9CmQiga2mA
86,96,3,9094,1612571523000,3094,3506,False,0,5kuUPBajcvsY4fUYMTxV2_SoR9TirRb52TBj9CmQiga2mA
87,48,3,9060,1579201515000,3060,3540,False,0,5kuUPBajcvsY4fUYMTxV2_SoR9TirRb52TBj9CmQiga2mA
88,222,3,8670,1611951043000,2670,3930,False,0,5kuUPBajcvsY4fUYMTxV2_SoR9TirRb52TBj9CmQiga2mA
89,27,3,8012,1523592178000,2012,4588,False,0,5kuUPBajcvsY4fUYMTxV2_SoR9TirRb52TBj9CmQiga2mA
90,498,3,7973,1607205245000,1973,4627,False,0,5kuUPBajcvsY4fUYMTxV2_SoR9TirRb52TBj9CmQiga2mA
91,58,3,7927,1606757171000,1927,4673,False,0,5kuUPBajcvsY4fUYMTxV2_SoR9TirRb52TBj9CmQiga2mA
92,101,3,7897,1608000681000,1897,4703,False,0,5kuUPBajcvsY4fUYMTxV2_SoR9TirRb52TBj9CmQiga2mA
93,120,3,7841,1604020599000,1841,4759,False,0,5kuUPBajcvsY4fUYMTxV2_SoR9TirRb52TBj9CmQiga2mA
94,13,3,7624,1607887361000,1624,4976,False,0,5kuUPBajcvsY4fUYMTxV2_SoR9TirRb52TBj9CmQiga2mA
95,62,3,7519,1605122285000,1519,5081,False,0,5kuUPBajcvsY4fUYMTxV2_SoR9TirRb52TBj9CmQiga2mA
96,53,3,7136,1599411474000,1136,5464,False,0,5kuUPBajcvsY4fUYMTxV2_SoR9TirRb52TBj9CmQiga2mA
97,122,3,7122,1530643191000,1122,5478,False,0,5kuUPBajcvsY4fUYMTxV2_SoR9TirRb52TBj9CmQiga2mA
98,28,3,6980,1603831123000,980,5620,False,0,5kuUPBajcvsY4fUYMTxV2_SoR9TirRb52TBj9CmQiga2mA
99,497,3,6975,1569814204000,975,5625,False,0,5kuUPBajcvsY4fUYMTxV2_SoR9TirRb52TBj9CmQiga2mA
100,82,3,6868,1609777025000,868,5732,False,0,5kuUPBajcvsY4fUYMTxV2_SoR9TirRb52TBj9CmQiga2mA
101,133,3,6683,1603312733000,683,5917,False,0,5kuUPBajcvsY4fUYMTxV2_SoR9TirRb52TBj9CmQiga2mA
102,61,3,6392,1613327829000,392,6208,False,0,5kuUPBajcvsY4fUYMTxV2_SoR9TirRb52TBj9CmQiga2mA
103,20,3,6049,1527310820000,49,6551,False,0,5kuUPBajcvsY4fUYMTxV2_SoR9TirRb52TBj9CmQiga2mA
104,254,2,5894,1485756172000,4094,106,False,0,5kuUPBajcvsY4fUYMTxV2_SoR9TirRb52TBj9CmQiga2mA
105,115,2,5822,1605499292000,4022,178,False,0,5kuUPBajcvsY4fUYMTxV2_SoR9TirRb52TBj9CmQiga2mA
106,150,2,5732,1603929885000,3932,268,False,0,5kuUPBajcvsY4fUYMTxV2_SoR9TirRb52TBj9CmQiga2mA
107,2,2,5681,1490174879000,3881,319,False,0,5kuUPBajcvsY4fUYMTxV2_SoR9TirRb52TBj9CmQiga2mA
108,18,2,5639,1609788135000,3839,361,False,0,5kuUPBajcvsY4fUYMTxV2_SoR9TirRb52TBj9CmQiga2mA
109,68,2,5593,1565389925000,3793,407,False,0,5kuUPBajcvsY4fUYMTxV2_SoR9TirRb52TBj9CmQiga2mA
110,99,2,5593,1613313058000,3793,407,False,0,5kuUPBajcvsY4fUYMTxV2_SoR9TirRb52TBj9CmQiga2mA
111,4,2,5576,1605491402000,3776,424,False,0,5kuUPBajcvsY4fUYMTxV2_SoR9TirRb52TBj9CmQiga2mA
112,83,2,5285,1612741652000,3485,715,False,0,5kuUPBajcvsY4fUYMTxV2_SoR9TirRb52TBj9CmQiga2mA
113,79,2,5113,1599405317000,3313,887,False,0,5kuUPBajcvsY4fUYMTxV2_SoR9TirRb52TBj9CmQiga2mA
114,119,2,5070,1579230941000,3270,930,False,0,5kuUPBajcvsY4fUYMTxV2_SoR9TirRb52TBj9CmQiga2mA
115,127,2,4742,1606871686000,2942,1258,False,0,5kuUPBajcvsY4fUYMTxV2_SoR9TirRb52TBj9CmQiga2mA
116,69,2,4711,1584056038000,2911,1289,False,0,5kuUPBajcvsY4fUYMTxV2_SoR9TirRb52TBj9CmQiga2mA
117,80,2,4557,1576990892000,2757,1443,False,0,5kuUPBajcvsY4fUYMTxV2_SoR9TirRb52TBj9CmQiga2mA
118,103,2,4484,1596472429000,2684,1516,False,0,5kuUPBajcvsY4fUYMTxV2_SoR9TirRb52TBj9CmQiga2mA
119,19,2,4258,1518464744000,2458,1742,False,0,5kuUPBajcvsY4fUYMTxV2_SoR9TirRb52TBj9CmQiga2mA
120,102,2,4134,1589161941000,2334,1866,False,0,5kuUPBajcvsY4fUYMTxV2_SoR9TirRb52TBj9CmQiga2mA
121,136,2,3966,1607130591000,2166,2034,False,0,5kuUPBajcvsY4fUYMTxV2_SoR9TirRb52TBj9CmQiga2mA
122,1,2,3857,1592582999000,2057,2143,False,0,5kuUPBajcvsY4fUYMTxV2_SoR9TirRb52TBj9CmQiga2mA
123,360,2,3678,1606869804000,1878,2322,False,0,5kuUPBajcvsY4fUYMTxV2_SoR9TirRb52TBj9CmQiga2mA
124,267,2,3482,1581107048000,1682,2518,False,0,5kuUPBajcvsY4fUYMTxV2_SoR9TirRb52TBj9CmQiga2mA
125,32,2,3410,1472670778000,1610,2590,False,0,5kuUPBajcvsY4fUYMTxV2_SoR9TirRb52TBj9CmQiga2mA
126,350,2,3052,1605535641000,1252,2948,False,0,5kuUPBajcvsY4fUYMTxV2_SoR9TirRb52TBj9CmQiga2mA
127,78,2,2965,1605443878000,1165,3035,False,0,5kuUPBajcvsY4fUYMTxV2_SoR9TirRb52TBj9CmQiga2mA
128,112,2,2930,1607375702000,1130,3070,False,0,5kuUPBajcvsY4fUYMTxV2_SoR9TirRb52TBj9CmQiga2mA
129,875,2,2799,1601584368000,999,3201,False,0,5kuUPBajcvsY4fUYMTxV2_SoR9TirRb52TBj9CmQiga2mA
130,72,2,2759,1530993003000,959,3241,False,0,5kuUPBajcvsY4fUYMTxV2_SoR9TirRb52TBj9CmQiga2mA
131,223,2,2523,1527956496000,723,3477,False,0,5kuUPBajcvsY4fUYMTxV2_SoR9TirRb52TBj9CmQiga2mA
132,203,2,2513,1583668135000,713,3487,False,0,5kuUPBajcvsY4fUYMTxV2_SoR9TirRb52TBj9CmQiga2mA
133,266,2,2512,1612565514000,712,3488,False,0,5kuUPBajcvsY4fUYMTxV2_SoR9TirRb52TBj9CmQiga2mA
134,240,2,2298,1571015612000,498,3702,False,0,5kuUPBajcvsY4fUYMTxV2_SoR9TirRb52TBj9CmQiga2mA
135,44,2,2203,1530731979000,403,3797,False,0,5kuUPBajcvsY4fUYMTxV2_SoR9TirRb52TBj9CmQiga2mA
136,777,2,2199,1611611941000,399,3801,False,0,5kuUPBajcvsY4fUYMTxV2_SoR9TirRb52TBj9CmQiga2mA
137,268,2,2107,1607552826000,307,3893,False,0,5kuUPBajcvsY4fUYMTxV2_SoR9TirRb52TBj9CmQiga2mA
138,163,2,2087,1589167358000,287,3913,False,0,5kuUPBajcvsY4fUYMTxV2_SoR9TirRb52TBj9CmQiga2mA
139,555,1,1792,1607833736000,1792,8,False,0,5kuUPBajcvsY4fUYMTxV2_SoR9TirRb52TBj9CmQiga2mA
140,429,1,1494,1586905411000,1494,306,False,0,5kuUPBajcvsY4fUYMTxV2_SoR9TirRb52TBj9CmQiga2mA
141,5,1,1359,1488233104000,1359,441,False,0,5kuUPBajcvsY4fUYMTxV2_SoR9TirRb52TBj9CmQiga2mA
142,427,1,1213,1606861047000,1213,587,False,0,5kuUPBajcvsY4fUYMTxV2_SoR9TirRb52TBj9CmQiga2mA
143,876,1,1199,1612545037000,1199,601,False,0,5kuUPBajcvsY4fUYMTxV2_SoR9TirRb52TBj9CmQiga2mA
144,523,1,1172,1593469618000,1172,628,False,0,5kuUPBajcvsY4fUYMTxV2_SoR9TirRb52TBj9CmQiga2mA
145,201,1,820,1513301111000,820,980,False,0,5kuUPBajcvsY4fUYMTxV2_SoR9TirRb52TBj9CmQiga2mA
146,246,1,732,1575868724000,732,1068,False,0,5kuUPBajcvsY4fUYMTxV2_SoR9TirRb52TBj9CmQiga2mA
147,60,1,685,1504064387000,685,1115,False,0,5kuUPBajcvsY4fUYMTxV2_SoR9TirRb52TBj9CmQiga2mA
148,518,1,669,1575401715000,669,1131,False,0,5kuUPBajcvsY4fUYMTxV2_SoR9TirRb52TBj9CmQiga2mA
149,421,1,340,1467948394000,340,1460,False,0,5kuUPBajcvsY4fUYMTxV2_SoR9TirRb52TBj9CmQiga2mA
150,154,1,157,1579404339000,157,1643,False,0,5kuUPBajcvsY4fUYMTxV2_SoR9TirRb52TBj9CmQiga2mA
151,147,1,135,1604018660000,135,1665,False,0,5kuUPBajcvsY4fUYMTxV2_SoR9TirRb52TBj9CmQiga2mA
152,67,7,696884,1615435983000,675284,0,True,0,aMEBpRtdyte42NBvGV7VPS5RC5hDvc-VHYqlbUjruRBKoQ
153,41,7,374505,1611275308000,352905,0,False,0,aMEBpRtdyte42NBvGV7VPS5RC5hDvc-VHYqlbUjruRBKoQ
154,236,7,334945,1615149594000,313345,0,False,0,aMEBpRtdyte42NBvGV7VPS5RC5hDvc-VHYqlbUjruRBKoQ
155,238,7,221869,1615169059000,200269,0,True,0,aMEBpRtdyte42NBvGV7VPS5RC5hDvc-VHYqlbUjruRBKoQ
156,64,7,217284,1611609060000,195684,0,True,0,aMEBpRtdyte42NBvGV7VPS5RC5hDvc-VHYqlbUjruRBKoQ
157,81,6,216289,1612560846000,194689,0,False,3,aMEBpRtdyte42NBvGV7VPS5RC5hDvc-VHYqlbUjruRBKoQ
158,157,6,147651,1612738680000,126051,0,True,3,aMEBpRtdyte42NBvGV7VPS5RC5hDvc-VHYqlbUjruRBKoQ
159,119,5,77676,1606871867000,56076,0,False,2,aMEBpRtdyte42NBvGV7VPS5RC5hDvc-VHYqlbUjruRBKoQ
160,7,5,50757,1610938985000,29157,0,False,2,aMEBpRtdyte42NBvGV7VPS5RC5hDvc-VHYqlbUjruRBKoQ
161,145,5,39853,1611433516000,18253,0,False,2,aMEBpRtdyte42NBvGV7VPS5RC5hDvc-VHYqlbUjruRBKoQ
162,92,5,38975,1535321678000,17375,0,False,2,aMEBpRtdyte42NBvGV7VPS5RC5hDvc-VHYqlbUjruRBKoQ
163,202,5,38029,1609900383000,16429,0,False,2,aMEBpRtdyte42NBvGV7VPS5RC5hDvc-VHYqlbUjruRBKoQ
164,51,5,37724,1610689465000,16124,0,False,2,aMEBpRtdyte42NBvGV7VPS5RC5hDvc-VHYqlbUjruRBKoQ
165,103,5,34576,1605671639000,12976,0,False,2,aMEBpRtdyte42NBvGV7VPS5RC5hDvc-VHYqlbUjruRBKoQ
166,21,5,34152,1603068850000,12552,0,False,2,aMEBpRtdyte42NBvGV7VPS5RC5hDvc-VHYqlbUjruRBKoQ
167,29,5,31654,1604284116000,10054,0,False,2,aMEBpRtdyte42NBvGV7VPS5RC5hDvc-VHYqlbUjruRBKoQ
168,222,5,30928,1615165997000,9328,0,False,2,aMEBpRtdyte42NBvGV7VPS5RC5hDvc-VHYqlbUjruRBKoQ
169,114,5,28660,1609559813000,7060,0,False,2,aMEBpRtdyte42NBvGV7VPS5RC5hDvc-VHYqlbUjruRBKoQ
170,104,5,24013,1610756509000,2413,0,False,0,aMEBpRtdyte42NBvGV7VPS5RC5hDvc-VHYqlbUjruRBKoQ
171,412,5,23630,1602631063000,2030,0,False,0,aMEBpRtdyte42NBvGV7VPS5RC5hDvc-VHYqlbUjruRBKoQ
172,126,5,22740,1611468479000,1140,0,False,0,aMEBpRtdyte42NBvGV7VPS5RC5hDvc-VHYqlbUjruRBKoQ
173,1,5,22185,1517793635000,585,0,False,0,aMEBpRtdyte42NBvGV7VPS5RC5hDvc-VHYqlbUjruRBKoQ
174,105,4,20655,1514853367000,8055,945,False,0,aMEBpRtdyte42NBvGV7VPS5RC5hDvc-VHYqlbUjruRBKoQ
175,39,4,18743,1605061698000,6143,2857,False,0,aMEBpRtdyte42NBvGV7VPS5RC5hDvc-VHYqlbUjruRBKoQ
176,53,4,18536,1590808569000,5936,3064,False,0,aMEBpRtdyte42NBvGV7VPS5RC5hDvc-VHYqlbUjruRBKoQ
177,18,4,18502,1612311294000,5902,3098,False,0,aMEBpRtdyte42NBvGV7VPS5RC5hDvc-VHYqlbUjruRBKoQ
178,133,4,17941,1610073119000,5341,3659,False,0,aMEBpRtdyte42NBvGV7VPS5RC5hDvc-VHYqlbUjruRBKoQ
179,498,4,17362,1599774305000,4762,4238,False,0,aMEBpRtdyte42NBvGV7VPS5RC5hDvc-VHYqlbUjruRBKoQ
180,141,4,16998,1585365468000,4398,4602,False,0,aMEBpRtdyte42NBvGV7VPS5RC5hDvc-VHYqlbUjruRBKoQ
181,429,4,16413,1603924755000,3813,5187,False,0,aMEBpRtdyte42NBvGV7VPS5RC5hDvc-VHYqlbUjruRBKoQ
182,45,4,16107,1602827096000,3507,5493,False,0,aMEBpRtdyte42NBvGV7VPS5RC5hDvc-VHYqlbUjruRBKoQ
183,15,4,13970,1607654354000,1370,7630,False,0,aMEBpRtdyte42NBvGV7VPS5RC5hDvc-VHYqlbUjruRBKoQ
184,203,4,13784,1604273341000,1184,7816,False,0,aMEBpRtdyte42NBvGV7VPS5RC5hDvc-VHYqlbUjruRBKoQ
185,22,4,13470,1608154537000,870,8130,False,0,aMEBpRtdyte42NBvGV7VPS5RC5hDvc-VHYqlbUjruRBKoQ
186,63,3,12339,1608001844000,6339,261,False,0,aMEBpRtdyte42NBvGV7VPS5RC5hDvc-VHYqlbUjruRBKoQ
187,80,3,11513,1488986853000,5513,1087,False,0,aMEBpRtdyte42NBvGV7VPS5RC5hDvc-VHYqlbUjruRBKoQ
188,164,3,11218,1608408739000,5218,1382,False,0,aMEBpRtdyte42NBvGV7VPS5RC5hDvc-VHYqlbUjruRBKoQ
189,25,3,10463,1599771579000,4463,2137,False,0,aMEBpRtdyte42NBvGV7VPS5RC5hDvc-VHYqlbUjruRBKoQ
190,59,3,10444,1610941786000,4444,2156,False,0,aMEBpRtdyte42NBvGV7VPS5RC5hDvc-VHYqlbUjruRBKoQ
191,110,3,9996,1599588426000,3996,2604,False,0,aMEBpRtdyte42NBvGV7VPS5RC5hDvc-VHYqlbUjruRBKoQ
192,163,3,9124,1610218887000,3124,3476,False,0,aMEBpRtdyte42NBvGV7VPS5RC5hDvc-VHYqlbUjruRBKoQ
193,61,3,8653,1532723401000,2653,3947,False,0,aMEBpRtdyte42NBvGV7VPS5RC5hDvc-VHYqlbUjruRBKoQ
194,62,3,8383,1605136781000,2383,4217,False,0,aMEBpRtdyte42NBvGV7VPS5RC5hDvc-VHYqlbUjruRBKoQ
195,99,3,8340,1604980801000,2340,4260,False,0,aMEBpRtdyte42NBvGV7VPS5RC5hDvc-VHYqlbUjruRBKoQ
196,115,3,7960,1532047036000,1960,4640,False,0,aMEBpRtdyte42NBvGV7VPS5RC5hDvc-VHYqlbUjruRBKoQ
197,55,3,7869,1531787903000,1869,4731,False,0,aMEBpRtdyte42NBvGV7VPS5RC5hDvc-VHYqlbUjruRBKoQ
198,43,3,7086,1608681435000,1086,5514,False,0,aMEBpRtdyte42NBvGV7VPS5RC5hDvc-VHYqlbUjruRBKoQ
199,89,3,6468,1608152913000,468,6132,False,0,aMEBpRtdyte42NBvGV7VPS5RC5hDvc-VHYqlbUjruRBKoQ
200,42,2,5797,1609890555000,3997,203,False,0,aMEBpRtdyte42NBvGV7VPS5RC5hDvc-VHYqlbUjruRBKoQ
201,79,2,5509,1610943495000,3709,491,False,0,aMEBpRtdyte42NBvGV7VPS5RC5hDvc-VHYqlbUjruRBKoQ
202,10,2,5270,1610147301000,3470,730,False,0,aMEBpRtdyte42NBvGV7VPS5RC5hDvc-VHYqlbUjruRBKoQ
203,17,2,5085,1610148990000,3285,915,False,0,aMEBpRtdyte42NBvGV7VPS5RC5hDvc-VHYqlbUjruRBKoQ
204,35,2,5038,1611519368000,3238,962,False,0,aMEBpRtdyte42NBvGV7VPS5RC5hDvc-VHYqlbUjruRBKoQ
205,84,2,5002,1609567044000,3202,998,False,0,aMEBpRtdyte42NBvGV7VPS5RC5hDvc-VHYqlbUjruRBKoQ
206,101,2,4543,1610144005000,2743,1457,False,0,aMEBpRtdyte42NBvGV7VPS5RC5hDvc-VHYqlbUjruRBKoQ
207,266,2,4481,1503432018000,2681,1519,False,0,aMEBpRtdyte42NBvGV7VPS5RC5hDvc-VHYqlbUjruRBKoQ
208,91,2,4345,1607113874000,2545,1655,False,0,aMEBpRtdyte42NBvGV7VPS5RC5hDvc-VHYqlbUjruRBKoQ
209,58,2,4208,1589779821000,2408,1792,False,0,aMEBpRtdyte42NBvGV7VPS5RC5hDvc-VHYqlbUjruRBKoQ
210,432,2,4111,1585373045000,2311,1889,False,0,aMEBpRtdyte42NBvGV7VPS5RC5hDvc-VHYqlbUjruRBKoQ
211,4,2,4004,1611265166000,2204,1996,False,0,aMEBpRtdyte42NBvGV7VPS5RC5hDvc-VHYqlbUjruRBKoQ
212,777,2,3810,1609048697000,2010,2190,False,0,aMEBpRtdyte42NBvGV7VPS5RC5hDvc-VHYqlbUjruRBKoQ
213,76,2,3252,1526002517000,1452,2748,False,0,aMEBpRtdyte42NBvGV7VPS5RC5hDvc-VHYqlbUjruRBKoQ
214,60,2,3219,1511440430000,1419,2781,False,0,aMEBpRtdyte42NBvGV7VPS5RC5hDvc-VHYqlbUjruRBKoQ
215,30,2,3124,1588137604000,1324,2876,False,0,aMEBpRtdyte42NBvGV7VPS5RC5hDvc-VHYqlbUjruRBKoQ
216,122,2,3079,1590448307000,1279,2921,False,0,aMEBpRtdyte42NBvGV7VPS5RC5hDvc-VHYqlbUjruRBKoQ
217,23,2,2511,1461817999000,711,3489,False,0,aMEBpRtdyte42NBvGV7VPS5RC5hDvc-VHYqlbUjruRBKoQ
218,54,2,2349,1512764996000,549,3651,False,0,aMEBpRtdyte42NBvGV7VPS5RC5hDvc-VHYqlbUjruRBKoQ
219,360,2,2280,1607731811000,480,3720,False,0,aMEBpRtdyte42NBvGV7VPS5RC5hDvc-VHYqlbUjruRBKoQ
220,24,2,2034,1572661295000,234,3966,False,0,aMEBpRtdyte42NBvGV7VPS5RC5hDvc-VHYqlbUjruRBKoQ
221,112,2,2001,1589784185000,201,3999,False,0,aMEBpRtdyte42NBvGV7VPS5RC5hDvc-VHYqlbUjruRBKoQ
222,86,2,1980,1446422344000,180,4020,False,0,aMEBpRtdyte42NBvGV7VPS5RC5hDvc-VHYqlbUjruRBKoQ
223,11,2,1970,1488571099000,170,4030,False,0,aMEBpRtdyte42NBvGV7VPS5RC5hDvc-VHYqlbUjruRBKoQ
224,254,1,1776,1507303856000,1776,24,False,0,aMEBpRtdyte42NBvGV7VPS5RC5hDvc-VHYqlbUjruRBKoQ
225,27,1,1764,1503356925000,1764,36,False,0,aMEBpRtdyte42NBvGV7VPS5RC5hDvc-VHYqlbUjruRBKoQ
226,74,1,1718,1504380149000,1718,82,False,0,aMEBpRtdyte42NBvGV7VPS5RC5hDvc-VHYqlbUjruRBKoQ
227,28,1,1707,1562557726000,1707,93,False,0,aMEBpRtdyte42NBvGV7VPS5RC5hDvc-VHYqlbUjruRBKoQ
228,161,1,1706,1609547597000,1706,94,False,0,aMEBpRtdyte42NBvGV7VPS5RC5hDvc-VHYqlbUjruRBKoQ
229,107,1,1703,1559960963000,1703,97,False,0,aMEBpRtdyte42NBvGV7VPS5RC5hDvc-VHYqlbUjruRBKoQ
230,555,1,1691,1608849214000,1691,109,False,0,aMEBpRtdyte42NBvGV7VPS5RC5hDvc-VHYqlbUjruRBKoQ
231,38,1,1474,1513798740000,1474,326,False,0,aMEBpRtdyte42NBvGV7VPS5RC5hDvc-VHYqlbUjruRBKoQ
232,32,1,1445,1512772810000,1445,355,False,0,aMEBpRtdyte42NBvGV7VPS5RC5hDvc-VHYqlbUjruRBKoQ
233,37,1,1328,1504034472000,1328,472,False,0,aMEBpRtdyte42NBvGV7VPS5RC5hDvc-VHYqlbUjruRBKoQ
234,20,1,1317,1514457796000,1317,483,False,0,aMEBpRtdyte42NBvGV7VPS5RC5hDvc-VHYqlbUjruRBKoQ
235,78,1,1246,1456674366000,1246,554,False,0,aMEBpRtdyte42NBvGV7VPS5RC5hDvc-VHYqlbUjruRBKoQ
236,26,1,1231,1610077334000,1231,569,False,0,aMEBpRtdyte42NBvGV7VPS5RC5hDvc-VHYqlbUjruRBKoQ
237,106,1,1180,1589140417000,1180,620,False,0,aMEBpRtdyte42NBvGV7VPS5RC5hDvc-VHYqlbUjruRBKoQ
238,50,1,1134,1589138153000,1134,666,False,0,aMEBpRtdyte42NBvGV7VPS5RC5hDvc-VHYqlbUjruRBKoQ
239,268,1,1121,1607634043000,1121,679,False,0,aMEBpRtdyte42NBvGV7VPS5RC5hDvc-VHYqlbUjruRBKoQ
240,350,1,1113,1559956472000,1113,687,False,0,aMEBpRtdyte42NBvGV7VPS5RC5hDvc-VHYqlbUjruRBKoQ
241,98,1,1046,1446820565000,1046,754,False,0,aMEBpRtdyte42NBvGV7VPS5RC5hDvc-VHYqlbUjruRBKoQ
242,75,1,955,1484976132000,955,845,False,0,aMEBpRtdyte42NBvGV7VPS5RC5hDvc-VHYqlbUjruRBKoQ
243,31,1,890,1502466190000,890,910,False,0,aMEBpRtdyte42NBvGV7VPS5RC5hDvc-VHYqlbUjruRBKoQ
244,48,1,802,1608000439000,802,998,False,0,aMEBpRtdyte42NBvGV7VPS5RC5hDvc-VHYqlbUjruRBKoQ
245,96,1,750,1516681931000,750,1050,False,0,aMEBpRtdyte42NBvGV7VPS5RC5hDvc-VHYqlbUjruRBKoQ
246,267,1,727,1513045511000,727,1073,False,0,aMEBpRtdyte42NBvGV7VPS5RC5hDvc-VHYqlbUjruRBKoQ
247,34,1,647,1531785325000,647,1153,False,0,aMEBpRtdyte42NBvGV7VPS5RC5hDvc-VHYqlbUjruRBKoQ
248,246,1,585,1608250850000,585,1215,False,0,aMEBpRtdyte42NBvGV7VPS5RC5hDvc-VHYqlbUjruRBKoQ
249,5,1,476,1502599652000,476,1324,False,0,aMEBpRtdyte42NBvGV7VPS5RC5hDvc-VHYqlbUjruRBKoQ
250,44,1,461,1488746387000,461,1339,False,0,aMEBpRtdyte42NBvGV7VPS5RC5hDvc-VHYqlbUjruRBKoQ
251,36,1,337,1488094405000,337,1463,False,0,aMEBpRtdyte42NBvGV7VPS5RC5hDvc-VHYqlbUjruRBKoQ
252,497,1,271,1609723836000,271,1529,False,0,aMEBpRtdyte42NBvGV7VPS5RC5hDvc-VHYqlbUjruRBKoQ
253,9,1,223,1539293836000,223,1577,False,0,aMEBpRtdyte42NBvGV7VPS5RC5hDvc-VHYqlbUjruRBKoQ
254,13,1,189,1604279032000,189,1611,False,0,aMEBpRtdyte42NBvGV7VPS5RC5hDvc-VHYqlbUjruRBKoQ
255,69,1,158,1487962706000,158,1642,False,0,aMEBpRtdyte42NBvGV7VPS5RC5hDvc-VHYqlbUjruRBKoQ
256,57,1,153,1484978186000,153,1647,False,0,aMEBpRtdyte42NBvGV7VPS5RC5hDvc-VHYqlbUjruRBKoQ
257,72,1,137,1461878700000,137,1663,False,0,aMEBpRtdyte42NBvGV7VPS5RC5hDvc-VHYqlbUjruRBKoQ
258,14,1,131,1606960163000,131,1669,False,0,aMEBpRtdyte42NBvGV7VPS5RC5hDvc-VHYqlbUjruRBKoQ
259,245,1,126,1511446331000,126,1674,False,0,aMEBpRtdyte42NBvGV7VPS5RC5hDvc-VHYqlbUjruRBKoQ
260,121,1,116,1511546609000,116,1684,False,0,aMEBpRtdyte42NBvGV7VPS5RC5hDvc-VHYqlbUjruRBKoQ
261,59,7,372579,1614887444000,350979,0,True,0,w5jRERoshiR0hCL8mQ_XKulIZupbOnFJrkbvfhxsZECmhqc
262,64,7,227918,1611194447000,206318,0,False,0,w5jRERoshiR0hCL8mQ_XKulIZupbOnFJrkbvfhxsZECmhqc
263,67,7,213007,1613320278000,191407,0,False,0,w5jRERoshiR0hCL8mQ_XKulIZupbOnFJrkbvfhxsZECmhqc
264,92,7,144030,1595548446000,122430,0,False,0,w5jRERoshiR0hCL8mQ_XKulIZupbOnFJrkbvfhxsZECmhqc
265,51,5,125774,1613256928000,104174,0,True,2,w5jRERoshiR0hCL8mQ_XKulIZupbOnFJrkbvfhxsZECmhqc
266,236,5,109288,1612796126000,87688,0,False,2,w5jRERoshiR0hCL8mQ_XKulIZupbOnFJrkbvfhxsZECmhqc
267,81,5,88584,1613321357000,66984,0,True,2,w5jRERoshiR0hCL8mQ_XKulIZupbOnFJrkbvfhxsZECmhqc
268,121,5,75106,1613074950000,53506,0,True,2,w5jRERoshiR0hCL8mQ_XKulIZupbOnFJrkbvfhxsZECmhqc
269,114,5,74183,1611841696000,52583,0,False,2,w5jRERoshiR0hCL8mQ_XKulIZupbOnFJrkbvfhxsZECmhqc
270,5,5,68443,1595944436000,46843,0,False,2,w5jRERoshiR0hCL8mQ_XKulIZupbOnFJrkbvfhxsZECmhqc
271,53,6,63727,1604504449000,42127,0,False,2,w5jRERoshiR0hCL8mQ_XKulIZupbOnFJrkbvfhxsZECmhqc
272,245,6,63288,1614793887000,41688,0,False,3,w5jRERoshiR0hCL8mQ_XKulIZupbOnFJrkbvfhxsZECmhqc
273,29,5,60243,1613191433000,38643,0,False,2,w5jRERoshiR0hCL8mQ_XKulIZupbOnFJrkbvfhxsZECmhqc
274,18,6,59446,1588650391000,37846,0,False,3,w5jRERoshiR0hCL8mQ_XKulIZupbOnFJrkbvfhxsZECmhqc
275,267,5,58336,1613392321000,36736,0,False,2,w5jRERoshiR0hCL8mQ_XKulIZupbOnFJrkbvfhxsZECmhqc
276,412,5,58001,1613400923000,36401,0,False,2,w5jRERoshiR0hCL8mQ_XKulIZupbOnFJrkbvfhxsZECmhqc
277,222,5,57056,1612897809000,35456,0,False,2,w5jRERoshiR0hCL8mQ_XKulIZupbOnFJrkbvfhxsZECmhqc
278,61,5,55820,1614797719000,34220,0,False,2,w5jRERoshiR0hCL8mQ_XKulIZupbOnFJrkbvfhxsZECmhqc
279,103,5,53980,1595469052000,32380,0,False,2,w5jRERoshiR0hCL8mQ_XKulIZupbOnFJrkbvfhxsZECmhqc
280,25,5,53847,1605417210000,32247,0,False,2,w5jRERoshiR0hCL8mQ_XKulIZupbOnFJrkbvfhxsZECmhqc
281,119,5,46424,1613263816000,24824,0,False,2,w5jRERoshiR0hCL8mQ_XKulIZupbOnFJrkbvfhxsZECmhqc
282,76,5,46271,1613396501000,24671,0,False,2,w5jRERoshiR0hCL8mQ_XKulIZupbOnFJrkbvfhxsZECmhqc
283,201,5,44818,1614885171000,23218,0,True,2,w5jRERoshiR0hCL8mQ_XKulIZupbOnFJrkbvfhxsZECmhqc
284,157,5,42783,1609862190000,21183,0,False,2,w5jRERoshiR0hCL8mQ_XKulIZupbOnFJrkbvfhxsZECmhqc
285,11,6,41114,1592622003000,19514,0,False,3,w5jRERoshiR0hCL8mQ_XKulIZupbOnFJrkbvfhxsZECmhqc
286,202,5,40280,1612966600000,18680,0,False,2,w5jRERoshiR0hCL8mQ_XKulIZupbOnFJrkbvfhxsZECmhqc
287,238,5,34669,1587256510000,13069,0,False,2,w5jRERoshiR0hCL8mQ_XKulIZupbOnFJrkbvfhxsZECmhqc
288,141,5,33006,1611081639000,11406,0,False,2,w5jRERoshiR0hCL8mQ_XKulIZupbOnFJrkbvfhxsZECmhqc
289,43,5,31197,1613394000000,9597,0,False,2,w5jRERoshiR0hCL8mQ_XKulIZupbOnFJrkbvfhxsZECmhqc
290,134,5,30989,1611961887000,9389,0,False,2,w5jRERoshiR0hCL8mQ_XKulIZupbOnFJrkbvfhxsZECmhqc
291,7,5,29241,1587178032000,7641,0,False,2,w5jRERoshiR0hCL8mQ_XKulIZupbOnFJrkbvfhxsZECmhqc
292,60,5,28570,1611085654000,6970,0,False,2,w5jRERoshiR0hCL8mQ_XKulIZupbOnFJrkbvfhxsZECmhqc
293,35,5,23563,1589138939000,1963,0,False,0,w5jRERoshiR0hCL8mQ_XKulIZupbOnFJrkbvfhxsZECmhqc
294,55,5,23534,1536520492000,1934,0,False,0,w5jRERoshiR0hCL8mQ_XKulIZupbOnFJrkbvfhxsZECmhqc
295,22,5,22280,1610458998000,680,0,False,0,w5jRERoshiR0hCL8mQ_XKulIZupbOnFJrkbvfhxsZECmhqc
296,104,5,21963,1614274919000,363,0,False,0,w5jRERoshiR0hCL8mQ_XKulIZupbOnFJrkbvfhxsZECmhqc
297,23,4,21274,1587880578000,8674,326,False,0,w5jRERoshiR0hCL8mQ_XKulIZupbOnFJrkbvfhxsZECmhqc
298,145,4,21101,1614711603000,8501,499,True,0,w5jRERoshiR0hCL8mQ_XKulIZupbOnFJrkbvfhxsZECmhqc
299,122,4,20431,1611958530000,7831,1169,False,0,w5jRERoshiR0hCL8mQ_XKulIZupbOnFJrkbvfhxsZECmhqc
300,117,4,20347,1607012374000,7747,1253,False,0,w5jRERoshiR0hCL8mQ_XKulIZupbOnFJrkbvfhxsZECmhqc
301,106,4,20151,1606505099000,7551,1449,False,0,w5jRERoshiR0hCL8mQ_XKulIZupbOnFJrkbvfhxsZECmhqc
302,2,4,19769,1610639395000,7169,1831,False,0,w5jRERoshiR0hCL8mQ_XKulIZupbOnFJrkbvfhxsZECmhqc
303,105,4,19338,1608319709000,6738,2262,False,0,w5jRERoshiR0hCL8mQ_XKulIZupbOnFJrkbvfhxsZECmhqc
304,110,4,19088,1613258911000,6488,2512,False,0,w5jRERoshiR0hCL8mQ_XKulIZupbOnFJrkbvfhxsZECmhqc
305,19,4,18754,1537626196000,6154,2846,False,0,w5jRERoshiR0hCL8mQ_XKulIZupbOnFJrkbvfhxsZECmhqc
306,32,4,17863,1610143893000,5263,3737,False,0,w5jRERoshiR0hCL8mQ_XKulIZupbOnFJrkbvfhxsZECmhqc
307,429,4,17829,1604858506000,5229,3771,False,0,w5jRERoshiR0hCL8mQ_XKulIZupbOnFJrkbvfhxsZECmhqc
308,99,4,17804,1604869659000,5204,3796,False,0,w5jRERoshiR0hCL8mQ_XKulIZupbOnFJrkbvfhxsZECmhqc
309,84,4,17660,1591322276000,5060,3940,False,0,w5jRERoshiR0hCL8mQ_XKulIZupbOnFJrkbvfhxsZECmhqc
310,48,4,16918,1614882855000,4318,4682,True,0,w5jRERoshiR0hCL8mQ_XKulIZupbOnFJrkbvfhxsZECmhqc
311,876,4,16403,1613403547000,3803,5197,True,0,w5jRERoshiR0hCL8mQ_XKulIZupbOnFJrkbvfhxsZECmhqc
312,113,4,16130,1606507246000,3530,5470,False,0,w5jRERoshiR0hCL8mQ_XKulIZupbOnFJrkbvfhxsZECmhqc
313,498,4,15399,1613949175000,2799,6201,False,0,w5jRERoshiR0hCL8mQ_XKulIZupbOnFJrkbvfhxsZECmhqc
314,120,4,13887,1611956377000,1287,7713,False,0,w5jRERoshiR0hCL8mQ_XKulIZupbOnFJrkbvfhxsZECmhqc
315,39,4,13886,1596418257000,1286,7714,False,0,w5jRERoshiR0hCL8mQ_XKulIZupbOnFJrkbvfhxsZECmhqc
316,21,4,13679,1612285121000,1079,7921,True,0,w5jRERoshiR0hCL8mQ_XKulIZupbOnFJrkbvfhxsZECmhqc
317,12,4,13397,1606488966000,797,8203,False,0,w5jRERoshiR0hCL8mQ_XKulIZupbOnFJrkbvfhxsZECmhqc
318,24,4,12932,1613265145000,332,8668,False,0,w5jRERoshiR0hCL8mQ_XKulIZupbOnFJrkbvfhxsZECmhqc
319,98,4,12824,1613953576000,224,8776,False,0,w5jRERoshiR0hCL8mQ_XKulIZupbOnFJrkbvfhxsZECmhqc
320,101,3,11514,1590299963000,5514,1086,False,0,w5jRERoshiR0hCL8mQ_XKulIZupbOnFJrkbvfhxsZECmhqc
321,15,3,11509,1613056065000,5509,1091,False,0,w5jRERoshiR0hCL8mQ_XKulIZupbOnFJrkbvfhxsZECmhqc
322,4,3,11364,1612964528000,5364,1236,False,0,w5jRERoshiR0hCL8mQ_XKulIZupbOnFJrkbvfhxsZECmhqc
323,33,3,11172,1605711598000,5172,1428,False,0,w5jRERoshiR0hCL8mQ_XKulIZupbOnFJrkbvfhxsZECmhqc
324,45,3,11144,1565750574000,5144,1456,False,0,w5jRERoshiR0hCL8mQ_XKulIZupbOnFJrkbvfhxsZECmhqc
325,69,3,10891,1523821350000,4891,1709,False,0,w5jRERoshiR0hCL8mQ_XKulIZupbOnFJrkbvfhxsZECmhqc
326,28,3,10771,1586203598000,4771,1829,False,0,w5jRERoshiR0hCL8mQ_XKulIZupbOnFJrkbvfhxsZECmhqc
327,133,3,10357,1613248004000,4357,2243,False,0,w5jRERoshiR0hCL8mQ_XKulIZupbOnFJrkbvfhxsZECmhqc
328,79,3,10313,1613266746000,4313,2287,False,0,w5jRERoshiR0hCL8mQ_XKulIZupbOnFJrkbvfhxsZECmhqc
329,142,3,10266,1613271094000,4266,2334,False,0,w5jRERoshiR0hCL8mQ_XKulIZupbOnFJrkbvfhxsZECmhqc
330,40,3,10123,1570162927000,4123,2477,False,0,w5jRERoshiR0hCL8mQ_XKulIZupbOnFJrkbvfhxsZECmhqc
331,163,3,10040,1611586781000,4040,2560,False,0,w5jRERoshiR0hCL8mQ_XKulIZupbOnFJrkbvfhxsZECmhqc
332,58,3,9894,1611588733000,3894,2706,False,0,w5jRERoshiR0hCL8mQ_XKulIZupbOnFJrkbvfhxsZECmhqc
333,54,3,9464,1608211405000,3464,3136,False,0,w5jRERoshiR0hCL8mQ_XKulIZupbOnFJrkbvfhxsZECmhqc
334,154,3,9343,1610481878000,3343,3257,False,0,w5jRERoshiR0hCL8mQ_XKulIZupbOnFJrkbvfhxsZECmhqc
335,17,3,9050,1614891590000,3050,3550,False,0,w5jRERoshiR0hCL8mQ_XKulIZupbOnFJrkbvfhxsZECmhqc
336,83,3,7710,1569654190000,1710,4890,False,0,w5jRERoshiR0hCL8mQ_XKulIZupbOnFJrkbvfhxsZECmhqc
337,111,3,7532,1613398402000,1532,5068,False,0,w5jRERoshiR0hCL8mQ_XKulIZupbOnFJrkbvfhxsZECmhqc
338,30,3,7232,1614714142000,1232,5368,False,0,w5jRERoshiR0hCL8mQ_XKulIZupbOnFJrkbvfhxsZECmhqc
339,1,3,7213,1604586330000,1213,5387,False,0,w5jRERoshiR0hCL8mQ_XKulIZupbOnFJrkbvfhxsZECmhqc
340,78,3,6832,1530227555000,832,5768,False,0,w5jRERoshiR0hCL8mQ_XKulIZupbOnFJrkbvfhxsZECmhqc
341,62,3,6764,1607652665000,764,5836,False,0,w5jRERoshiR0hCL8mQ_XKulIZupbOnFJrkbvfhxsZECmhqc
342,41,3,6647,1613260592000,647,5953,False,0,w5jRERoshiR0hCL8mQ_XKulIZupbOnFJrkbvfhxsZECmhqc
343,164,3,6548,1602432628000,548,6052,False,0,w5jRERoshiR0hCL8mQ_XKulIZupbOnFJrkbvfhxsZECmhqc
344,89,3,6439,1613079476000,439,6161,False,0,w5jRERoshiR0hCL8mQ_XKulIZupbOnFJrkbvfhxsZECmhqc
345,517,3,6282,1613195243000,282,6318,False,0,w5jRERoshiR0hCL8mQ_XKulIZupbOnFJrkbvfhxsZECmhqc
346,50,3,6213,1607541873000,213,6387,False,0,w5jRERoshiR0hCL8mQ_XKulIZupbOnFJrkbvfhxsZECmhqc
347,86,2,5304,1475620726000,3504,696,False,0,w5jRERoshiR0hCL8mQ_XKulIZupbOnFJrkbvfhxsZECmhqc
348,80,2,5266,1611838980000,3466,734,False,0,w5jRERoshiR0hCL8mQ_XKulIZupbOnFJrkbvfhxsZECmhqc
349,102,2,5209,1589157039000,3409,791,False,0,w5jRERoshiR0hCL8mQ_XKulIZupbOnFJrkbvfhxsZECmhqc
350,150,2,4952,1569530848000,3152,1048,False,0,w5jRERoshiR0hCL8mQ_XKulIZupbOnFJrkbvfhxsZECmhqc
351,8,2,4885,1613262394000,3085,1115,False,0,w5jRERoshiR0hCL8mQ_XKulIZupbOnFJrkbvfhxsZECmhqc
352,38,2,4882,1595471338000,3082,1118,False,0,w5jRERoshiR0hCL8mQ_XKulIZupbOnFJrkbvfhxsZECmhqc
353,26,2,4362,1614889283000,2562,1638,True,0,w5jRERoshiR0hCL8mQ_XKulIZupbOnFJrkbvfhxsZECmhqc
354,91,2,4360,1566684112000,2560,1640,False,0,w5jRERoshiR0hCL8mQ_XKulIZupbOnFJrkbvfhxsZECmhqc
355,63,2,4163,1607355459000,2363,1837,False,0,w5jRERoshiR0hCL8mQ_XKulIZupbOnFJrkbvfhxsZECmhqc
356,203,2,4152,1608133620000,2352,1848,False,0,w5jRERoshiR0hCL8mQ_XKulIZupbOnFJrkbvfhxsZECmhqc
357,27,2,4150,1522437740000,2350,1850,False,0,w5jRERoshiR0hCL8mQ_XKulIZupbOnFJrkbvfhxsZECmhqc
358,20,2,4103,1572937887000,2303,1897,False,0,w5jRERoshiR0hCL8mQ_XKulIZupbOnFJrkbvfhxsZECmhqc
359,143,2,3979,1582601319000,2179,2021,False,0,w5jRERoshiR0hCL8mQ_XKulIZupbOnFJrkbvfhxsZECmhqc
360,82,2,3911,1592887155000,2111,2089,False,0,w5jRERoshiR0hCL8mQ_XKulIZupbOnFJrkbvfhxsZECmhqc
361,432,2,3856,1575401289000,2056,2144,False,0,w5jRERoshiR0hCL8mQ_XKulIZupbOnFJrkbvfhxsZECmhqc
362,235,2,3681,1613946940000,1881,2319,False,0,w5jRERoshiR0hCL8mQ_XKulIZupbOnFJrkbvfhxsZECmhqc
363,75,2,3650,1522071046000,1850,2350,False,0,w5jRERoshiR0hCL8mQ_XKulIZupbOnFJrkbvfhxsZECmhqc
364,14,2,3624,1522427015000,1824,2376,False,0,w5jRERoshiR0hCL8mQ_XKulIZupbOnFJrkbvfhxsZECmhqc
365,34,2,3571,1607537856000,1771,2429,False,0,w5jRERoshiR0hCL8mQ_XKulIZupbOnFJrkbvfhxsZECmhqc
366,13,2,3557,1613196352000,1757,2443,False,0,w5jRERoshiR0hCL8mQ_XKulIZupbOnFJrkbvfhxsZECmhqc
367,266,2,3220,1607724298000,1420,2780,False,0,w5jRERoshiR0hCL8mQ_XKulIZupbOnFJrkbvfhxsZECmhqc
368,31,2,3070,1492138345000,1270,2930,False,0,w5jRERoshiR0hCL8mQ_XKulIZupbOnFJrkbvfhxsZECmhqc
369,44,2,2948,1536524941000,1148,3052,False,0,w5jRERoshiR0hCL8mQ_XKulIZupbOnFJrkbvfhxsZECmhqc
370,68,2,2925,1574737550000,1125,3075,False,0,w5jRERoshiR0hCL8mQ_XKulIZupbOnFJrkbvfhxsZECmhqc
371,161,2,2828,1592368705000,1028,3172,False,0,w5jRERoshiR0hCL8mQ_XKulIZupbOnFJrkbvfhxsZECmhqc
372,9,2,2540,1607721098000,740,3460,False,0,w5jRERoshiR0hCL8mQ_XKulIZupbOnFJrkbvfhxsZECmhqc
373,254,2,2492,1571717809000,692,3508,False,0,w5jRERoshiR0hCL8mQ_XKulIZupbOnFJrkbvfhxsZECmhqc
374,523,2,2469,1613255203000,669,3531,False,0,w5jRERoshiR0hCL8mQ_XKulIZupbOnFJrkbvfhxsZECmhqc
375,421,2,2411,1577389312000,611,3589,False,0,w5jRERoshiR0hCL8mQ_XKulIZupbOnFJrkbvfhxsZECmhqc
376,3,2,2410,1613192550000,610,3590,False,0,w5jRERoshiR0hCL8mQ_XKulIZupbOnFJrkbvfhxsZECmhqc
377,497,2,2334,1605297288000,534,3666,False,0,w5jRERoshiR0hCL8mQ_XKulIZupbOnFJrkbvfhxsZECmhqc
378,6,2,2228,1607544347000,428,3772,False,0,w5jRERoshiR0hCL8mQ_XKulIZupbOnFJrkbvfhxsZECmhqc
379,36,2,2034,1576464146000,234,3966,False,0,w5jRERoshiR0hCL8mQ_XKulIZupbOnFJrkbvfhxsZECmhqc
380,10,2,1962,1607980636000,162,4038,False,0,w5jRERoshiR0hCL8mQ_XKulIZupbOnFJrkbvfhxsZECmhqc
381,115,1,1755,1605316288000,1755,45,False,0,w5jRERoshiR0hCL8mQ_XKulIZupbOnFJrkbvfhxsZECmhqc
382,127,1,1700,1605832146000,1700,100,False,0,w5jRERoshiR0hCL8mQ_XKulIZupbOnFJrkbvfhxsZECmhqc
383,126,1,1692,1482110836000,1692,108,False,0,w5jRERoshiR0hCL8mQ_XKulIZupbOnFJrkbvfhxsZECmhqc
384,16,1,1461,1572899442000,1461,339,False,0,w5jRERoshiR0hCL8mQ_XKulIZupbOnFJrkbvfhxsZECmhqc
385,56,1,1311,1606509501000,1311,489,False,0,w5jRERoshiR0hCL8mQ_XKulIZupbOnFJrkbvfhxsZECmhqc
386,74,1,1294,1592357094000,1294,506,False,0,w5jRERoshiR0hCL8mQ_XKulIZupbOnFJrkbvfhxsZECmhqc
387,875,1,1267,1611591783000,1267,533,False,0,w5jRERoshiR0hCL8mQ_XKulIZupbOnFJrkbvfhxsZECmhqc
388,268,1,1145,1570823684000,1145,655,False,0,w5jRERoshiR0hCL8mQ_XKulIZupbOnFJrkbvfhxsZECmhqc
389,72,1,1090,1614276499000,1090,710,False,0,w5jRERoshiR0hCL8mQ_XKulIZupbOnFJrkbvfhxsZECmhqc
390,107,1,1069,1574366802000,1069,731,False,0,w5jRERoshiR0hCL8mQ_XKulIZupbOnFJrkbvfhxsZECmhqc
391,85,1,1060,1454303570000,1060,740,False,0,w5jRERoshiR0hCL8mQ_XKulIZupbOnFJrkbvfhxsZECmhqc
392,420,1,1036,1516772496000,1036,764,False,0,w5jRERoshiR0hCL8mQ_XKulIZupbOnFJrkbvfhxsZECmhqc
393,427,1,970,1492210239000,970,830,False,0,w5jRERoshiR0hCL8mQ_XKulIZupbOnFJrkbvfhxsZECmhqc
394,777,1,749,1613194023000,749,1051,False,0,w5jRERoshiR0hCL8mQ_XKulIZupbOnFJrkbvfhxsZECmhqc
395,77,1,690,1610043232000,690,1110,False,0,w5jRERoshiR0hCL8mQ_XKulIZupbOnFJrkbvfhxsZECmhqc
396,42,1,484,1527591923000,484,1316,False,0,w5jRERoshiR0hCL8mQ_XKulIZupbOnFJrkbvfhxsZECmhqc
397,223,1,365,1483411652000,365,1435,False,0,w5jRERoshiR0hCL8mQ_XKulIZupbOnFJrkbvfhxsZECmhqc
398,112,1,328,1445661469000,328,1472,False,0,w5jRERoshiR0hCL8mQ_XKulIZupbOnFJrkbvfhxsZECmhqc
399,131,1,313,1454118493000,313,1487,False,0,w5jRERoshiR0hCL8mQ_XKulIZupbOnFJrkbvfhxsZECmhqc
400,516,1,215,1516775065000,215,1585,False,0,w5jRERoshiR0hCL8mQ_XKulIZupbOnFJrkbvfhxsZECmhqc
401,147,1,195,1613951572000,195,1605,False,0,w5jRERoshiR0hCL8mQ_XKulIZupbOnFJrkbvfhxsZECmhqc
402,136,1,176,1489011732000,176,1624,False,0,w5jRERoshiR0hCL8mQ_XKulIZupbOnFJrkbvfhxsZECmhqc
403,350,1,119,1605415056000,119,1681,False,0,w5jRERoshiR0hCL8mQ_XKulIZupbOnFJrkbvfhxsZECmhqc
404,39,7,417059,1615159045000,395459,0,True,0,_czcfgJsJqVcQCC054LnjkfF8YVgfyP1Q4iT-YGFPS9U7A
405,81,7,206278,1585369216000,184678,0,False,0,_czcfgJsJqVcQCC054LnjkfF8YVgfyP1Q4iT-YGFPS9U7A
406,67,7,191946,1605407983000,170346,0,False,0,_czcfgJsJqVcQCC054LnjkfF8YVgfyP1Q4iT-YGFPS9U7A
407,64,7,171226,1587959817000,149626,0,False,0,_czcfgJsJqVcQCC054LnjkfF8YVgfyP1Q4iT-YGFPS9U7A
408,236,7,166736,1585257451000,145136,0,False,0,_czcfgJsJqVcQCC054LnjkfF8YVgfyP1Q4iT-YGFPS9U7A
409,202,7,145322,1595820540000,123722,0,False,0,_czcfgJsJqVcQCC054LnjkfF8YVgfyP1Q4iT-YGFPS9U7A
410,498,7,138092,1614174119000,116492,0,True,0,_czcfgJsJqVcQCC054LnjkfF8YVgfyP1Q4iT-YGFPS9U7A
411,101,6,115451,1609192362000,93851,0,False,3,_czcfgJsJqVcQCC054LnjkfF8YVgfyP1Q4iT-YGFPS9U7A
412,110,7,101087,1584949253000,79487,0,False,0,_czcfgJsJqVcQCC054LnjkfF8YVgfyP1Q4iT-YGFPS9U7A
413,122,5,81223,1615160831000,59623,0,True,2,_czcfgJsJqVcQCC054LnjkfF8YVgfyP1Q4iT-YGFPS9U7A
414,18,7,74698,1562867771000,53098,0,False,0,_czcfgJsJqVcQCC054LnjkfF8YVgfyP1Q4iT-YGFPS9U7A
415,77,5,73687,1613190060000,52087,0,False,2,_czcfgJsJqVcQCC054LnjkfF8YVgfyP1Q4iT-YGFPS9U7A
416,875,7,71452,1615211636000,49852,0,True,0,_czcfgJsJqVcQCC054LnjkfF8YVgfyP1Q4iT-YGFPS9U7A
417,51,7,70795,1579644506000,49195,0,False,0,_czcfgJsJqVcQCC054LnjkfF8YVgfyP1Q4iT-YGFPS9U7A
418,429,7,69920,1573347620000,48320,0,False,0,_czcfgJsJqVcQCC054LnjkfF8YVgfyP1Q4iT-YGFPS9U7A
419,245,5,66595,1608930177000,44995,0,False,2,_czcfgJsJqVcQCC054LnjkfF8YVgfyP1Q4iT-YGFPS9U7A
420,103,6,61236,1595802082000,39636,0,False,1,_czcfgJsJqVcQCC054LnjkfF8YVgfyP1Q4iT-YGFPS9U7A
421,222,7,61185,1578432249000,39585,0,False,0,_czcfgJsJqVcQCC054LnjkfF8YVgfyP1Q4iT-YGFPS9U7A
422,412,5,59917,1574774587000,38317,0,False,2,_czcfgJsJqVcQCC054LnjkfF8YVgfyP1Q4iT-YGFPS9U7A
423,84,6,59358,1609026382000,37758,0,False,3,_czcfgJsJqVcQCC054LnjkfF8YVgfyP1Q4iT-YGFPS9U7A
424,121,7,57107,1613671200000,35507,0,False,0,_czcfgJsJqVcQCC054LnjkfF8YVgfyP1Q4iT-YGFPS9U7A
425,29,6,57039,1579637662000,35439,0,False,3,_czcfgJsJqVcQCC054LnjkfF8YVgfyP1Q4iT-YGFPS9U7A
426,432,7,54933,1501312304000,33333,0,False,0,_czcfgJsJqVcQCC054LnjkfF8YVgfyP1Q4iT-YGFPS9U7A
427,23,5,45063,1608513361000,23463,0,False,2,_czcfgJsJqVcQCC054LnjkfF8YVgfyP1Q4iT-YGFPS9U7A
428,22,6,44781,1569899500000,23181,0,False,3,_czcfgJsJqVcQCC054LnjkfF8YVgfyP1Q4iT-YGFPS9U7A
429,104,7,43536,1571431275000,21936,0,False,0,_czcfgJsJqVcQCC054LnjkfF8YVgfyP1Q4iT-YGFPS9U7A
430,119,6,43230,1595823238000,21630,0,False,3,_czcfgJsJqVcQCC054LnjkfF8YVgfyP1Q4iT-YGFPS9U7A
431,114,5,43129,1613668543000,21529,0,False,2,_czcfgJsJqVcQCC054LnjkfF8YVgfyP1Q4iT-YGFPS9U7A
432,60,6,42100,1610579852000,20500,0,False,1,_czcfgJsJqVcQCC054LnjkfF8YVgfyP1Q4iT-YGFPS9U7A
433,157,5,41150,1595465644000,19550,0,False,2,_czcfgJsJqVcQCC054LnjkfF8YVgfyP1Q4iT-YGFPS9U7A
434,777,6,40272,1613413219000,18672,0,True,0,_czcfgJsJqVcQCC054LnjkfF8YVgfyP1Q4iT-YGFPS9U7A
435,421,6,38563,1588896692000,16963,0,False,3,_czcfgJsJqVcQCC054LnjkfF8YVgfyP1Q4iT-YGFPS9U7A
436,8,5,36297,1610247134000,14697,0,True,2,_czcfgJsJqVcQCC054LnjkfF8YVgfyP1Q4iT-YGFPS9U7A
437,28,6,35689,1607032303000,14089,0,False,3,_czcfgJsJqVcQCC054LnjkfF8YVgfyP1Q4iT-YGFPS9U7A
438,107,6,34552,1581640454000,12952,0,False,1,_czcfgJsJqVcQCC054LnjkfF8YVgfyP1Q4iT-YGFPS9U7A
439,92,5,33703,1512060190000,12103,0,False,2,_czcfgJsJqVcQCC054LnjkfF8YVgfyP1Q4iT-YGFPS9U7A
440,99,6,32435,1615208547000,10835,0,True,0,_czcfgJsJqVcQCC054LnjkfF8YVgfyP1Q4iT-YGFPS9U7A
441,145,6,32079,1611619059000,10479,0,False,2,_czcfgJsJqVcQCC054LnjkfF8YVgfyP1Q4iT-YGFPS9U7A
442,76,5,30012,1609038022000,8412,0,False,2,_czcfgJsJqVcQCC054LnjkfF8YVgfyP1Q4iT-YGFPS9U7A
443,58,6,29898,1584855570000,8298,0,False,1,_czcfgJsJqVcQCC054LnjkfF8YVgfyP1Q4iT-YGFPS9U7A
444,55,5,29232,1595806108000,7632,0,False,0,_czcfgJsJqVcQCC054LnjkfF8YVgfyP1Q4iT-YGFPS9U7A
445,96,5,27349,1566999679000,5749,0,False,2,_czcfgJsJqVcQCC054LnjkfF8YVgfyP1Q4iT-YGFPS9U7A
446,238,5,26945,1595455795000,5345,0,False,2,_czcfgJsJqVcQCC054LnjkfF8YVgfyP1Q4iT-YGFPS9U7A
447,163,6,26774,1559097046000,5174,0,False,2,_czcfgJsJqVcQCC054LnjkfF8YVgfyP1Q4iT-YGFPS9U7A
448,141,5,26689,1615489416000,5089,0,False,0,_czcfgJsJqVcQCC054LnjkfF8YVgfyP1Q4iT-YGFPS9U7A
449,54,5,26062,1579151517000,4462,0,False,1,_czcfgJsJqVcQCC054LnjkfF8YVgfyP1Q4iT-YGFPS9U7A
450,98,5,24918,1614087837000,3318,0,False,0,_czcfgJsJqVcQCC054LnjkfF8YVgfyP1Q4iT-YGFPS9U7A
451,69,5,24397,1512529550000,2797,0,False,0,_czcfgJsJqVcQCC054LnjkfF8YVgfyP1Q4iT-YGFPS9U7A
452,15,5,23991,1613755907000,2391,0,False,0,_czcfgJsJqVcQCC054LnjkfF8YVgfyP1Q4iT-YGFPS9U7A
453,79,5,23678,1614035162000,2078,0,True,0,_czcfgJsJqVcQCC054LnjkfF8YVgfyP1Q4iT-YGFPS9U7A
454,254,5,23400,1584543501000,1800,0,False,1,_czcfgJsJqVcQCC054LnjkfF8YVgfyP1Q4iT-YGFPS9U7A
455,41,5,22987,1570425508000,1387,0,False,0,_czcfgJsJqVcQCC054LnjkfF8YVgfyP1Q4iT-YGFPS9U7A
456,112,5,22806,1503248647000,1206,0,False,1,_czcfgJsJqVcQCC054LnjkfF8YVgfyP1Q4iT-YGFPS9U7A
457,21,5,22398,1585633149000,798,0,False,0,_czcfgJsJqVcQCC054LnjkfF8YVgfyP1Q4iT-YGFPS9U7A
458,34,5,22164,1613335900000,564,0,True,0,_czcfgJsJqVcQCC054LnjkfF8YVgfyP1Q4iT-YGFPS9U7A
459,24,5,22127,1590273558000,527,0,False,0,_czcfgJsJqVcQCC054LnjkfF8YVgfyP1Q4iT-YGFPS9U7A
460,154,5,21699,1561603838000,99,0,False,0,_czcfgJsJqVcQCC054LnjkfF8YVgfyP1Q4iT-YGFPS9U7A
461,35,4,21360,1599781314000,8760,240,False,0,_czcfgJsJqVcQCC054LnjkfF8YVgfyP1Q4iT-YGFPS9U7A
462,126,4,21068,1613072276000,8468,532,False,0,_czcfgJsJqVcQCC054LnjkfF8YVgfyP1Q4iT-YGFPS9U7A
463,56,4,21004,1582180428000,8404,596,False,0,_czcfgJsJqVcQCC054LnjkfF8YVgfyP1Q4iT-YGFPS9U7A
464,150,4,20815,1584058995000,8215,785,False,0,_czcfgJsJqVcQCC054LnjkfF8YVgfyP1Q4iT-YGFPS9U7A
465,13,4,19597,1614037190000,6997,2003,False,0,_czcfgJsJqVcQCC054LnjkfF8YVgfyP1Q4iT-YGFPS9U7A
466,42,4,18987,1573856731000,6387,2613,False,0,_czcfgJsJqVcQCC054LnjkfF8YVgfyP1Q4iT-YGFPS9U7A
467,78,4,18984,1513800226000,6384,2616,False,0,_czcfgJsJqVcQCC054LnjkfF8YVgfyP1Q4iT-YGFPS9U7A
468,105,4,17337,1570159582000,4737,4263,False,0,_czcfgJsJqVcQCC054LnjkfF8YVgfyP1Q4iT-YGFPS9U7A
469,10,4,17099,1615166197000,4499,4501,False,0,_czcfgJsJqVcQCC054LnjkfF8YVgfyP1Q4iT-YGFPS9U7A
470,11,4,16940,1595707690000,4340,4660,False,0,_czcfgJsJqVcQCC054LnjkfF8YVgfyP1Q4iT-YGFPS9U7A
471,555,4,16157,1609359961000,3557,5443,False,0,_czcfgJsJqVcQCC054LnjkfF8YVgfyP1Q4iT-YGFPS9U7A
472,427,4,15826,1504739503000,3226,5774,False,0,_czcfgJsJqVcQCC054LnjkfF8YVgfyP1Q4iT-YGFPS9U7A
473,523,4,15785,1615215087000,3185,5815,False,0,_czcfgJsJqVcQCC054LnjkfF8YVgfyP1Q4iT-YGFPS9U7A
474,134,4,14456,1513717639000,1856,7144,False,0,_czcfgJsJqVcQCC054LnjkfF8YVgfyP1Q4iT-YGFPS9U7A
475,420,4,14122,1579117986000,1522,7478,False,0,_czcfgJsJqVcQCC054LnjkfF8YVgfyP1Q4iT-YGFPS9U7A
476,203,4,13792,1566595802000,1192,7808,False,0,_czcfgJsJqVcQCC054LnjkfF8YVgfyP1Q4iT-YGFPS9U7A
477,266,4,13597,1596156404000,997,8003,False,0,_czcfgJsJqVcQCC054LnjkfF8YVgfyP1Q4iT-YGFPS9U7A
478,120,4,13562,1579819777000,962,8038,False,0,_czcfgJsJqVcQCC054LnjkfF8YVgfyP1Q4iT-YGFPS9U7A
479,25,4,13497,1584927897000,897,8103,False,0,_czcfgJsJqVcQCC054LnjkfF8YVgfyP1Q4iT-YGFPS9U7A
480,136,4,13373,1595808653000,773,8227,False,0,_czcfgJsJqVcQCC054LnjkfF8YVgfyP1Q4iT-YGFPS9U7A
481,4,4,13140,1565726229000,540,8460,False,0,_czcfgJsJqVcQCC054LnjkfF8YVgfyP1Q4iT-YGFPS9U7A
482,90,4,13104,1513833746000,504,8496,False,0,_czcfgJsJqVcQCC054LnjkfF8YVgfyP1Q4iT-YGFPS9U7A
483,57,4,12948,1514267654000,348,8652,False,0,_czcfgJsJqVcQCC054LnjkfF8YVgfyP1Q4iT-YGFPS9U7A
484,16,4,12915,1492049779000,315,8685,False,0,_czcfgJsJqVcQCC054LnjkfF8YVgfyP1Q4iT-YGFPS9U7A
485,75,3,12596,1575933866000,6596,4,False,0,_czcfgJsJqVcQCC054LnjkfF8YVgfyP1Q4iT-YGFPS9U7A
486,7,3,12549,1613669814000,6549,51,False,0,_czcfgJsJqVcQCC054LnjkfF8YVgfyP1Q4iT-YGFPS9U7A
487,31,3,12525,1507064024000,6525,75,False,0,_czcfgJsJqVcQCC054LnjkfF8YVgfyP1Q4iT-YGFPS9U7A
488,48,3,12507,1503623671000,6507,93,False,0,_czcfgJsJqVcQCC054LnjkfF8YVgfyP1Q4iT-YGFPS9U7A
489,19,3,12240,1582005057000,6240,360,False,0,_czcfgJsJqVcQCC054LnjkfF8YVgfyP1Q4iT-YGFPS9U7A
490,12,3,12218,1506544530000,6218,382,False,0,_czcfgJsJqVcQCC054LnjkfF8YVgfyP1Q4iT-YGFPS9U7A
491,27,3,12047,1495966531000,6047,553,False,0,_czcfgJsJqVcQCC054LnjkfF8YVgfyP1Q4iT-YGFPS9U7A
492,61,3,11612,1522448595000,5612,988,False,0,_czcfgJsJqVcQCC054LnjkfF8YVgfyP1Q4iT-YGFPS9U7A
493,63,3,11504,1571428083000,5504,1096,False,0,_czcfgJsJqVcQCC054LnjkfF8YVgfyP1Q4iT-YGFPS9U7A
494,142,3,11483,1614038557000,5483,1117,False,0,_czcfgJsJqVcQCC054LnjkfF8YVgfyP1Q4iT-YGFPS9U7A
495,68,3,11281,1502590522000,5281,1319,False,0,_czcfgJsJqVcQCC054LnjkfF8YVgfyP1Q4iT-YGFPS9U7A
496,85,3,11168,1571550654000,5168,1432,False,0,_czcfgJsJqVcQCC054LnjkfF8YVgfyP1Q4iT-YGFPS9U7A
497,82,3,11118,1613332591000,5118,1482,False,0,_czcfgJsJqVcQCC054LnjkfF8YVgfyP1Q4iT-YGFPS9U7A
498,517,3,10248,1595890517000,4248,2352,False,0,_czcfgJsJqVcQCC054LnjkfF8YVgfyP1Q4iT-YGFPS9U7A
499,91,3,9848,1573850938000,3848,2752,False,0,_czcfgJsJqVcQCC054LnjkfF8YVgfyP1Q4iT-YGFPS9U7A
500,111,3,9533,1494051273000,3533,3067,False,0,_czcfgJsJqVcQCC054LnjkfF8YVgfyP1Q4iT-YGFPS9U7A
501,223,3,9479,1475980467000,3479,3121,False,0,_czcfgJsJqVcQCC054LnjkfF8YVgfyP1Q4iT-YGFPS9U7A
502,53,3,9207,1579641825000,3207,3393,False,0,_czcfgJsJqVcQCC054LnjkfF8YVgfyP1Q4iT-YGFPS9U7A
503,17,3,9160,1579252591000,3160,3440,False,0,_czcfgJsJqVcQCC054LnjkfF8YVgfyP1Q4iT-YGFPS9U7A
504,201,3,9075,1494713403000,3075,3525,False,0,_czcfgJsJqVcQCC054LnjkfF8YVgfyP1Q4iT-YGFPS9U7A
505,131,3,9030,1573021547000,3030,3570,False,0,_czcfgJsJqVcQCC054LnjkfF8YVgfyP1Q4iT-YGFPS9U7A
506,6,3,8994,1570168187000,2994,3606,False,0,_czcfgJsJqVcQCC054LnjkfF8YVgfyP1Q4iT-YGFPS9U7A
507,161,3,8857,1582087150000,2857,3743,False,0,_czcfgJsJqVcQCC054LnjkfF8YVgfyP1Q4iT-YGFPS9U7A
508,40,3,8402,1489097435000,2402,4198,False,0,_czcfgJsJqVcQCC054LnjkfF8YVgfyP1Q4iT-YGFPS9U7A
509,268,3,7947,1513888488000,1947,4653,False,0,_czcfgJsJqVcQCC054LnjkfF8YVgfyP1Q4iT-YGFPS9U7A
510,14,3,7663,1615212894000,1663,4937,False,0,_czcfgJsJqVcQCC054LnjkfF8YVgfyP1Q4iT-YGFPS9U7A
511,33,3,7370,1564531339000,1370,5230,False,0,_czcfgJsJqVcQCC054LnjkfF8YVgfyP1Q4iT-YGFPS9U7A
512,117,3,7261,1562062241000,1261,5339,False,0,_czcfgJsJqVcQCC054LnjkfF8YVgfyP1Q4iT-YGFPS9U7A
513,32,3,7203,1588894667000,1203,5397,False,0,_czcfgJsJqVcQCC054LnjkfF8YVgfyP1Q4iT-YGFPS9U7A
514,20,3,6976,1594936973000,976,5624,False,0,_czcfgJsJqVcQCC054LnjkfF8YVgfyP1Q4iT-YGFPS9U7A
515,59,3,6848,1510359759000,848,5752,False,0,_czcfgJsJqVcQCC054LnjkfF8YVgfyP1Q4iT-YGFPS9U7A
516,497,3,6643,1565986891000,643,5957,False,0,_czcfgJsJqVcQCC054LnjkfF8YVgfyP1Q4iT-YGFPS9U7A
517,43,3,6580,1500602666000,580,6020,False,0,_czcfgJsJqVcQCC054LnjkfF8YVgfyP1Q4iT-YGFPS9U7A
518,38,3,6464,1501659581000,464,6136,False,0,_czcfgJsJqVcQCC054LnjkfF8YVgfyP1Q4iT-YGFPS9U7A
519,2,3,6416,1613672604000,416,6184,False,0,_czcfgJsJqVcQCC054LnjkfF8YVgfyP1Q4iT-YGFPS9U7A
520,102,3,6309,1561627036000,309,6291,False,0,_czcfgJsJqVcQCC054LnjkfF8YVgfyP1Q4iT-YGFPS9U7A
521,80,2,5736,1579125501000,3936,264,False,0,_czcfgJsJqVcQCC054LnjkfF8YVgfyP1Q4iT-YGFPS9U7A
522,26,2,5695,1609039401000,3895,305,False,0,_czcfgJsJqVcQCC054LnjkfF8YVgfyP1Q4iT-YGFPS9U7A
523,143,2,5674,1496444281000,3874,326,False,0,_czcfgJsJqVcQCC054LnjkfF8YVgfyP1Q4iT-YGFPS9U7A
524,9,2,5483,1594942181000,3683,517,False,0,_czcfgJsJqVcQCC054LnjkfF8YVgfyP1Q4iT-YGFPS9U7A
525,360,2,5425,1610236079000,3625,575,False,0,_czcfgJsJqVcQCC054LnjkfF8YVgfyP1Q4iT-YGFPS9U7A
526,246,2,5391,1606344566000,3591,609,False,0,_czcfgJsJqVcQCC054LnjkfF8YVgfyP1Q4iT-YGFPS9U7A
527,3,2,5353,1562439469000,3553,647,False,0,_czcfgJsJqVcQCC054LnjkfF8YVgfyP1Q4iT-YGFPS9U7A
528,30,2,5341,1585276566000,3541,659,False,0,_czcfgJsJqVcQCC054LnjkfF8YVgfyP1Q4iT-YGFPS9U7A
529,83,2,5306,1615163501000,3506,694,True,0,_czcfgJsJqVcQCC054LnjkfF8YVgfyP1Q4iT-YGFPS9U7A
530,50,2,4979,1568176750000,3179,1021,False,0,_czcfgJsJqVcQCC054LnjkfF8YVgfyP1Q4iT-YGFPS9U7A
531,240,2,4918,1480561794000,3118,1082,False,0,_czcfgJsJqVcQCC054LnjkfF8YVgfyP1Q4iT-YGFPS9U7A
532,164,2,4851,1575943627000,3051,1149,False,0,_czcfgJsJqVcQCC054LnjkfF8YVgfyP1Q4iT-YGFPS9U7A
533,133,2,4746,1466092043000,2946,1254,False,0,_czcfgJsJqVcQCC054LnjkfF8YVgfyP1Q4iT-YGFPS9U7A
534,106,2,4518,1595459719000,2718,1482,False,0,_czcfgJsJqVcQCC054LnjkfF8YVgfyP1Q4iT-YGFPS9U7A
535,62,2,4399,1502612626000,2599,1601,False,0,_czcfgJsJqVcQCC054LnjkfF8YVgfyP1Q4iT-YGFPS9U7A
536,127,2,4255,1502436293000,2455,1745,False,0,_czcfgJsJqVcQCC054LnjkfF8YVgfyP1Q4iT-YGFPS9U7A
537,45,2,4145,1573942573000,2345,1855,False,0,_czcfgJsJqVcQCC054LnjkfF8YVgfyP1Q4iT-YGFPS9U7A
538,86,2,3948,1571549079000,2148,2052,False,0,_czcfgJsJqVcQCC054LnjkfF8YVgfyP1Q4iT-YGFPS9U7A
539,36,2,3541,1573011813000,1741,2459,False,0,_czcfgJsJqVcQCC054LnjkfF8YVgfyP1Q4iT-YGFPS9U7A
540,115,2,2850,1570162439000,1050,3150,False,0,_czcfgJsJqVcQCC054LnjkfF8YVgfyP1Q4iT-YGFPS9U7A
541,1,2,2658,1530494463000,858,3342,False,0,_czcfgJsJqVcQCC054LnjkfF8YVgfyP1Q4iT-YGFPS9U7A
542,113,2,2574,1508639053000,774,3426,False,0,_czcfgJsJqVcQCC054LnjkfF8YVgfyP1Q4iT-YGFPS9U7A
543,5,2,2382,1508542236000,582,3618,False,0,_czcfgJsJqVcQCC054LnjkfF8YVgfyP1Q4iT-YGFPS9U7A
544,267,2,2354,1490669163000,554,3646,False,0,_czcfgJsJqVcQCC054LnjkfF8YVgfyP1Q4iT-YGFPS9U7A
545,516,1,1768,1504563868000,1768,32,False,0,_czcfgJsJqVcQCC054LnjkfF8YVgfyP1Q4iT-YGFPS9U7A
546,518,1,1615,1559349227000,1615,185,False,0,_czcfgJsJqVcQCC054LnjkfF8YVgfyP1Q4iT-YGFPS9U7A
547,72,1,1572,1579248819000,1572,228,False,0,_czcfgJsJqVcQCC054LnjkfF8YVgfyP1Q4iT-YGFPS9U7A
548,235,1,964,1599778506000,964,836,False,0,_czcfgJsJqVcQCC054LnjkfF8YVgfyP1Q4iT-YGFPS9U7A
549,234,1,805,1614036152000,805,995,False,0,_czcfgJsJqVcQCC054LnjkfF8YVgfyP1Q4iT-YGFPS9U7A
550,44,1,364,1475619226000,364,1436,False,0,_czcfgJsJqVcQCC054LnjkfF8YVgfyP1Q4iT-YGFPS9U7A
551,89,1,291,1595803939000,291,1509,False,0,_czcfgJsJqVcQCC054LnjkfF8YVgfyP1Q4iT-YGFPS9U7A
552,350,1,195,1585259593000,195,1605,False,0,_czcfgJsJqVcQCC054LnjkfF8YVgfyP1Q4iT-YGFPS9U7A
553,37,1,153,1472408788000,153,1647,False,0,_czcfgJsJqVcQCC054LnjkfF8YVgfyP1Q4iT-YGFPS9U7A
554,157,7,333288,1614886714000,311688,0,True,0,yQrR2ozD-PvqX1_rg_jWDR0RlMp_fS9B9Oos2easFUVZUQ
555,64,7,205275,1615217275000,183675,0,False,0,yQrR2ozD-PvqX1_rg_jWDR0RlMp_fS9B9Oos2easFUVZUQ
556,67,7,185743,1614294192000,164143,0,False,0,yQrR2ozD-PvqX1_rg_jWDR0RlMp_fS9B9Oos2easFUVZUQ
557,55,7,185549,1611427056000,163949,0,False,0,yQrR2ozD-PvqX1_rg_jWDR0RlMp_fS9B9Oos2easFUVZUQ
558,92,7,183786,1614522979000,162186,0,False,0,yQrR2ozD-PvqX1_rg_jWDR0RlMp_fS9B9Oos2easFUVZUQ
559,7,7,151718,1615165292000,130118,0,False,0,yQrR2ozD-PvqX1_rg_jWDR0RlMp_fS9B9Oos2easFUVZUQ
560,105,7,130469,1613920605000,108869,0,False,0,yQrR2ozD-PvqX1_rg_jWDR0RlMp_fS9B9Oos2easFUVZUQ
561,238,7,123078,1614527982000,101478,0,False,0,yQrR2ozD-PvqX1_rg_jWDR0RlMp_fS9B9Oos2easFUVZUQ
562,8,7,118170,1614474904000,96570,0,False,0,yQrR2ozD-PvqX1_rg_jWDR0RlMp_fS9B9Oos2easFUVZUQ
563,517,7,114112,1615398172000,92512,0,True,0,yQrR2ozD-PvqX1_rg_jWDR0RlMp_fS9B9Oos2easFUVZUQ
564,236,7,106541,1614033486000,84941,0,True,0,yQrR2ozD-PvqX1_rg_jWDR0RlMp_fS9B9Oos2easFUVZUQ
565,245,7,80079,1615049402000,58479,0,True,0,yQrR2ozD-PvqX1_rg_jWDR0RlMp_fS9B9Oos2easFUVZUQ
566,53,6,77960,1614370326000,56360,0,True,2,yQrR2ozD-PvqX1_rg_jWDR0RlMp_fS9B9Oos2easFUVZUQ
567,69,7,73793,1612818263000,52193,0,False,0,yQrR2ozD-PvqX1_rg_jWDR0RlMp_fS9B9Oos2easFUVZUQ
568,51,7,72907,1610859695000,51307,0,False,0,yQrR2ozD-PvqX1_rg_jWDR0RlMp_fS9B9Oos2easFUVZUQ
569,39,7,71032,1615097415000,49432,0,False,0,yQrR2ozD-PvqX1_rg_jWDR0RlMp_fS9B9Oos2easFUVZUQ
570,81,7,67580,1615098743000,45980,0,False,0,yQrR2ozD-PvqX1_rg_jWDR0RlMp_fS9B9Oos2easFUVZUQ
571,61,6,66349,1615158801000,44749,0,False,3,yQrR2ozD-PvqX1_rg_jWDR0RlMp_fS9B9Oos2easFUVZUQ
572,164,6,65993,1615500033000,44393,0,True,3,yQrR2ozD-PvqX1_rg_jWDR0RlMp_fS9B9Oos2easFUVZUQ
573,103,7,61066,1614476440000,39466,0,False,0,yQrR2ozD-PvqX1_rg_jWDR0RlMp_fS9B9Oos2easFUVZUQ
574,202,6,60583,1614602420000,38983,0,False,3,yQrR2ozD-PvqX1_rg_jWDR0RlMp_fS9B9Oos2easFUVZUQ
575,268,6,55602,1603316678000,34002,0,False,2,yQrR2ozD-PvqX1_rg_jWDR0RlMp_fS9B9Oos2easFUVZUQ
576,145,7,54459,1614771406000,32859,0,False,0,yQrR2ozD-PvqX1_rg_jWDR0RlMp_fS9B9Oos2easFUVZUQ
577,114,7,52708,1612658387000,31108,0,False,0,yQrR2ozD-PvqX1_rg_jWDR0RlMp_fS9B9Oos2easFUVZUQ
578,131,5,50929,1612905035000,29329,0,True,2,yQrR2ozD-PvqX1_rg_jWDR0RlMp_fS9B9Oos2easFUVZUQ
579,79,6,50804,1615067864000,29204,0,False,2,yQrR2ozD-PvqX1_rg_jWDR0RlMp_fS9B9Oos2easFUVZUQ
580,222,7,48861,1601798285000,27261,0,False,0,yQrR2ozD-PvqX1_rg_jWDR0RlMp_fS9B9Oos2easFUVZUQ
581,134,6,47114,1605837220000,25514,0,False,3,yQrR2ozD-PvqX1_rg_jWDR0RlMp_fS9B9Oos2easFUVZUQ
582,498,7,46294,1613936047000,24694,0,False,0,yQrR2ozD-PvqX1_rg_jWDR0RlMp_fS9B9Oos2easFUVZUQ
583,84,7,45249,1612488585000,23649,0,False,0,yQrR2ozD-PvqX1_rg_jWDR0RlMp_fS9B9Oos2easFUVZUQ
584,98,6,43887,1614717658000,22287,0,False,2,yQrR2ozD-PvqX1_rg_jWDR0RlMp_fS9B9Oos2easFUVZUQ
585,777,5,42899,1615401454000,21299,0,True,2,yQrR2ozD-PvqX1_rg_jWDR0RlMp_fS9B9Oos2easFUVZUQ
586,22,6,41905,1605845765000,20305,0,False,2,yQrR2ozD-PvqX1_rg_jWDR0RlMp_fS9B9Oos2easFUVZUQ
587,412,7,41026,1600583523000,19426,0,False,0,yQrR2ozD-PvqX1_rg_jWDR0RlMp_fS9B9Oos2easFUVZUQ
588,13,6,39666,1607137506000,18066,0,False,2,yQrR2ozD-PvqX1_rg_jWDR0RlMp_fS9B9Oos2easFUVZUQ
589,127,5,38529,1604867280000,16929,0,False,2,yQrR2ozD-PvqX1_rg_jWDR0RlMp_fS9B9Oos2easFUVZUQ
590,35,5,37835,1615094693000,16235,0,False,0,yQrR2ozD-PvqX1_rg_jWDR0RlMp_fS9B9Oos2easFUVZUQ
591,121,5,36204,1613092992000,14604,0,False,2,yQrR2ozD-PvqX1_rg_jWDR0RlMp_fS9B9Oos2easFUVZUQ
592,24,6,35468,1612837345000,13868,0,False,2,yQrR2ozD-PvqX1_rg_jWDR0RlMp_fS9B9Oos2easFUVZUQ
593,96,6,33428,1606617310000,11828,0,False,0,yQrR2ozD-PvqX1_rg_jWDR0RlMp_fS9B9Oos2easFUVZUQ
594,50,6,32691,1608248853000,11091,0,False,1,yQrR2ozD-PvqX1_rg_jWDR0RlMp_fS9B9Oos2easFUVZUQ
595,38,6,31155,1614019921000,9555,0,False,0,yQrR2ozD-PvqX1_rg_jWDR0RlMp_fS9B9Oos2easFUVZUQ
596,5,5,31021,1588289412000,9421,0,False,1,yQrR2ozD-PvqX1_rg_jWDR0RlMp_fS9B9Oos2easFUVZUQ
597,76,6,30768,1612897554000,9168,0,False,0,yQrR2ozD-PvqX1_rg_jWDR0RlMp_fS9B9Oos2easFUVZUQ
598,141,5,29678,1611694373000,8078,0,False,2,yQrR2ozD-PvqX1_rg_jWDR0RlMp_fS9B9Oos2easFUVZUQ
599,11,6,29374,1607996261000,7774,0,False,0,yQrR2ozD-PvqX1_rg_jWDR0RlMp_fS9B9Oos2easFUVZUQ
600,104,5,28966,1614296214000,7366,0,False,2,yQrR2ozD-PvqX1_rg_jWDR0RlMp_fS9B9Oos2easFUVZUQ
601,45,5,28943,1612836184000,7343,0,False,1,yQrR2ozD-PvqX1_rg_jWDR0RlMp_fS9B9Oos2easFUVZUQ
602,126,5,28361,1613854695000,6761,0,True,2,yQrR2ozD-PvqX1_rg_jWDR0RlMp_fS9B9Oos2easFUVZUQ
603,429,5,26168,1594413660000,4568,0,False,1,yQrR2ozD-PvqX1_rg_jWDR0RlMp_fS9B9Oos2easFUVZUQ
604,80,5,25498,1615503517000,3898,0,False,0,yQrR2ozD-PvqX1_rg_jWDR0RlMp_fS9B9Oos2easFUVZUQ
605,21,5,24715,1610921717000,3115,0,False,2,yQrR2ozD-PvqX1_rg_jWDR0RlMp_fS9B9Oos2easFUVZUQ
606,2,5,24295,1611009057000,2695,0,False,2,yQrR2ozD-PvqX1_rg_jWDR0RlMp_fS9B9Oos2easFUVZUQ
607,266,5,23959,1614534196000,2359,0,False,1,yQrR2ozD-PvqX1_rg_jWDR0RlMp_fS9B9Oos2easFUVZUQ
608,142,5,23535,1601852246000,1935,0,False,1,yQrR2ozD-PvqX1_rg_jWDR0RlMp_fS9B9Oos2easFUVZUQ
609,875,5,22865,1613848827000,1265,0,False,0,yQrR2ozD-PvqX1_rg_jWDR0RlMp_fS9B9Oos2easFUVZUQ
610,18,5,22245,1576477240000,645,0,False,0,yQrR2ozD-PvqX1_rg_jWDR0RlMp_fS9B9Oos2easFUVZUQ
611,28,4,21423,1614599764000,8823,177,False,0,yQrR2ozD-PvqX1_rg_jWDR0RlMp_fS9B9Oos2easFUVZUQ
612,110,4,21248,1605714380000,8648,352,False,0,yQrR2ozD-PvqX1_rg_jWDR0RlMp_fS9B9Oos2easFUVZUQ
613,54,4,21151,1612749018000,8551,449,False,0,yQrR2ozD-PvqX1_rg_jWDR0RlMp_fS9B9Oos2easFUVZUQ
614,29,4,20414,1612480586000,7814,1186,False,0,yQrR2ozD-PvqX1_rg_jWDR0RlMp_fS9B9Oos2easFUVZUQ
615,60,4,19974,1614395989000,7374,1626,False,0,yQrR2ozD-PvqX1_rg_jWDR0RlMp_fS9B9Oos2easFUVZUQ
616,90,4,19000,1518377469000,6400,2600,False,0,yQrR2ozD-PvqX1_rg_jWDR0RlMp_fS9B9Oos2easFUVZUQ
617,25,4,18722,1560359177000,6122,2878,False,0,yQrR2ozD-PvqX1_rg_jWDR0RlMp_fS9B9Oos2easFUVZUQ
618,120,4,18492,1611691381000,5892,3108,False,0,yQrR2ozD-PvqX1_rg_jWDR0RlMp_fS9B9Oos2easFUVZUQ
619,43,4,18030,1612640649000,5430,3570,False,0,yQrR2ozD-PvqX1_rg_jWDR0RlMp_fS9B9Oos2easFUVZUQ
620,42,4,17486,1605106679000,4886,4114,False,0,yQrR2ozD-PvqX1_rg_jWDR0RlMp_fS9B9Oos2easFUVZUQ
621,112,4,17318,1615162089000,4718,4282,False,0,yQrR2ozD-PvqX1_rg_jWDR0RlMp_fS9B9Oos2easFUVZUQ
622,99,4,16942,1605051583000,4342,4658,False,0,yQrR2ozD-PvqX1_rg_jWDR0RlMp_fS9B9Oos2easFUVZUQ
623,1,4,16650,1595123518000,4050,4950,False,0,yQrR2ozD-PvqX1_rg_jWDR0RlMp_fS9B9Oos2easFUVZUQ
624,119,4,16266,1603459365000,3666,5334,False,0,yQrR2ozD-PvqX1_rg_jWDR0RlMp_fS9B9Oos2easFUVZUQ
625,59,4,15729,1614556426000,3129,5871,False,0,yQrR2ozD-PvqX1_rg_jWDR0RlMp_fS9B9Oos2easFUVZUQ
626,12,4,14931,1611702297000,2331,6669,False,0,yQrR2ozD-PvqX1_rg_jWDR0RlMp_fS9B9Oos2easFUVZUQ
627,246,4,14916,1615153794000,2316,6684,False,0,yQrR2ozD-PvqX1_rg_jWDR0RlMp_fS9B9Oos2easFUVZUQ
628,154,4,14155,1600049766000,1555,7445,False,0,yQrR2ozD-PvqX1_rg_jWDR0RlMp_fS9B9Oos2easFUVZUQ
629,432,4,14069,1614103385000,1469,7531,False,0,yQrR2ozD-PvqX1_rg_jWDR0RlMp_fS9B9Oos2easFUVZUQ
630,62,4,13703,1609545538000,1103,7897,False,0,yQrR2ozD-PvqX1_rg_jWDR0RlMp_fS9B9Oos2easFUVZUQ
631,107,4,13675,1614393529000,1075,7925,False,0,yQrR2ozD-PvqX1_rg_jWDR0RlMp_fS9B9Oos2easFUVZUQ
632,421,4,13592,1611028906000,992,8008,False,0,yQrR2ozD-PvqX1_rg_jWDR0RlMp_fS9B9Oos2easFUVZUQ
633,163,4,13536,1610862060000,936,8064,False,0,yQrR2ozD-PvqX1_rg_jWDR0RlMp_fS9B9Oos2easFUVZUQ
634,122,4,13511,1608221084000,911,8089,False,0,yQrR2ozD-PvqX1_rg_jWDR0RlMp_fS9B9Oos2easFUVZUQ
635,30,4,13129,1606136197000,529,8471,False,0,yQrR2ozD-PvqX1_rg_jWDR0RlMp_fS9B9Oos2easFUVZUQ
636,23,3,12233,1614479250000,6233,367,False,0,yQrR2ozD-PvqX1_rg_jWDR0RlMp_fS9B9Oos2easFUVZUQ
637,57,3,12183,1608335273000,6183,417,False,0,yQrR2ozD-PvqX1_rg_jWDR0RlMp_fS9B9Oos2easFUVZUQ
638,133,3,11901,1612743035000,5901,699,False,0,yQrR2ozD-PvqX1_rg_jWDR0RlMp_fS9B9Oos2easFUVZUQ
639,115,3,11838,1599852726000,5838,762,False,0,yQrR2ozD-PvqX1_rg_jWDR0RlMp_fS9B9Oos2easFUVZUQ
640,111,3,11794,1599011272000,5794,806,False,0,yQrR2ozD-PvqX1_rg_jWDR0RlMp_fS9B9Oos2easFUVZUQ
641,78,3,11694,1530904265000,5694,906,False,0,yQrR2ozD-PvqX1_rg_jWDR0RlMp_fS9B9Oos2easFUVZUQ
642,3,3,11688,1614802339000,5688,912,False,0,yQrR2ozD-PvqX1_rg_jWDR0RlMp_fS9B9Oos2easFUVZUQ
643,26,3,10776,1612907686000,4776,1824,False,0,yQrR2ozD-PvqX1_rg_jWDR0RlMp_fS9B9Oos2easFUVZUQ
644,20,3,10686,1598276283000,4686,1914,False,0,yQrR2ozD-PvqX1_rg_jWDR0RlMp_fS9B9Oos2easFUVZUQ
645,102,3,10088,1593522666000,4088,2512,False,0,yQrR2ozD-PvqX1_rg_jWDR0RlMp_fS9B9Oos2easFUVZUQ
646,85,3,9855,1610918588000,3855,2745,False,0,yQrR2ozD-PvqX1_rg_jWDR0RlMp_fS9B9Oos2easFUVZUQ
647,150,3,9689,1615085844000,3689,2911,False,0,yQrR2ozD-PvqX1_rg_jWDR0RlMp_fS9B9Oos2easFUVZUQ
648,106,3,9456,1612479423000,3456,3144,False,0,yQrR2ozD-PvqX1_rg_jWDR0RlMp_fS9B9Oos2easFUVZUQ
649,91,3,9375,1610851708000,3375,3225,False,0,yQrR2ozD-PvqX1_rg_jWDR0RlMp_fS9B9Oos2easFUVZUQ
650,41,3,9369,1614819976000,3369,3231,False,0,yQrR2ozD-PvqX1_rg_jWDR0RlMp_fS9B9Oos2easFUVZUQ
651,32,3,8942,1607880186000,2942,3658,False,0,yQrR2ozD-PvqX1_rg_jWDR0RlMp_fS9B9Oos2easFUVZUQ
652,223,3,8805,1575939542000,2805,3795,False,0,yQrR2ozD-PvqX1_rg_jWDR0RlMp_fS9B9Oos2easFUVZUQ
653,876,3,8369,1612487641000,2369,4231,False,0,yQrR2ozD-PvqX1_rg_jWDR0RlMp_fS9B9Oos2easFUVZUQ
654,77,3,8077,1615214753000,2077,4523,False,0,yQrR2ozD-PvqX1_rg_jWDR0RlMp_fS9B9Oos2easFUVZUQ
655,254,3,7900,1608050137000,1900,4700,False,0,yQrR2ozD-PvqX1_rg_jWDR0RlMp_fS9B9Oos2easFUVZUQ
656,117,3,7860,1606014347000,1860,4740,False,0,yQrR2ozD-PvqX1_rg_jWDR0RlMp_fS9B9Oos2easFUVZUQ
657,58,3,7853,1607734684000,1853,4747,False,0,yQrR2ozD-PvqX1_rg_jWDR0RlMp_fS9B9Oos2easFUVZUQ
658,17,3,7834,1609107443000,1834,4766,False,0,yQrR2ozD-PvqX1_rg_jWDR0RlMp_fS9B9Oos2easFUVZUQ
659,68,3,7807,1594086204000,1807,4793,False,0,yQrR2ozD-PvqX1_rg_jWDR0RlMp_fS9B9Oos2easFUVZUQ
660,4,3,7755,1594586651000,1755,4845,False,0,yQrR2ozD-PvqX1_rg_jWDR0RlMp_fS9B9Oos2easFUVZUQ
661,10,3,7706,1609712868000,1706,4894,False,0,yQrR2ozD-PvqX1_rg_jWDR0RlMp_fS9B9Oos2easFUVZUQ
662,89,3,7525,1614819094000,1525,5075,False,0,yQrR2ozD-PvqX1_rg_jWDR0RlMp_fS9B9Oos2easFUVZUQ
663,555,3,7363,1605888175000,1363,5237,False,0,yQrR2ozD-PvqX1_rg_jWDR0RlMp_fS9B9Oos2easFUVZUQ
664,63,3,7313,1606786888000,1313,5287,False,0,yQrR2ozD-PvqX1_rg_jWDR0RlMp_fS9B9Oos2easFUVZUQ
665,48,3,7213,1602978578000,1213,5387,False,0,yQrR2ozD-PvqX1_rg_jWDR0RlMp_fS9B9Oos2easFUVZUQ
666,86,3,7136,1602602383000,1136,5464,False,0,yQrR2ozD-PvqX1_rg_jWDR0RlMp_fS9B9Oos2easFUVZUQ
667,72,3,6884,1607036391000,884,5716,False,0,yQrR2ozD-PvqX1_rg_jWDR0RlMp_fS9B9Oos2easFUVZUQ
668,203,3,6508,1610844651000,508,6092,False,0,yQrR2ozD-PvqX1_rg_jWDR0RlMp_fS9B9Oos2easFUVZUQ
669,136,3,6421,1606953174000,421,6179,False,0,yQrR2ozD-PvqX1_rg_jWDR0RlMp_fS9B9Oos2easFUVZUQ
670,15,3,6383,1598465641000,383,6217,False,0,yQrR2ozD-PvqX1_rg_jWDR0RlMp_fS9B9Oos2easFUVZUQ
671,143,3,6374,1567035253000,374,6226,False,0,yQrR2ozD-PvqX1_rg_jWDR0RlMp_fS9B9Oos2easFUVZUQ
672,75,3,6348,1580025386000,348,6252,False,0,yQrR2ozD-PvqX1_rg_jWDR0RlMp_fS9B9Oos2easFUVZUQ
673,44,3,6175,1530561697000,175,6425,False,0,yQrR2ozD-PvqX1_rg_jWDR0RlMp_fS9B9Oos2easFUVZUQ
674,497,3,6100,1603598146000,100,6500,False,0,yQrR2ozD-PvqX1_rg_jWDR0RlMp_fS9B9Oos2easFUVZUQ
675,235,3,6090,1613933756000,90,6510,False,0,yQrR2ozD-PvqX1_rg_jWDR0RlMp_fS9B9Oos2easFUVZUQ
676,31,3,6075,1595099451000,75,6525,False,0,yQrR2ozD-PvqX1_rg_jWDR0RlMp_fS9B9Oos2easFUVZUQ
677,34,3,6034,1608263810000,34,6566,False,0,yQrR2ozD-PvqX1_rg_jWDR0RlMp_fS9B9Oos2easFUVZUQ
678,14,2,5983,1600909387000,4183,17,False,0,yQrR2ozD-PvqX1_rg_jWDR0RlMp_fS9B9Oos2easFUVZUQ
679,518,2,5942,1610839226000,4142,58,False,0,yQrR2ozD-PvqX1_rg_jWDR0RlMp_fS9B9Oos2easFUVZUQ
680,101,2,5933,1609256283000,4133,67,False,0,yQrR2ozD-PvqX1_rg_jWDR0RlMp_fS9B9Oos2easFUVZUQ
681,240,2,5681,1579818714000,3881,319,False,0,yQrR2ozD-PvqX1_rg_jWDR0RlMp_fS9B9Oos2easFUVZUQ
682,33,2,5642,1609720424000,3842,358,False,0,yQrR2ozD-PvqX1_rg_jWDR0RlMp_fS9B9Oos2easFUVZUQ
683,6,2,5622,1585287236000,3822,378,False,0,yQrR2ozD-PvqX1_rg_jWDR0RlMp_fS9B9Oos2easFUVZUQ
684,27,2,5486,1615088296000,3686,514,False,0,yQrR2ozD-PvqX1_rg_jWDR0RlMp_fS9B9Oos2easFUVZUQ
685,19,2,5388,1514505991000,3588,612,False,0,yQrR2ozD-PvqX1_rg_jWDR0RlMp_fS9B9Oos2easFUVZUQ
686,516,2,5383,1600136563000,3583,617,False,0,yQrR2ozD-PvqX1_rg_jWDR0RlMp_fS9B9Oos2easFUVZUQ
687,201,2,5350,1514670323000,3550,650,False,0,yQrR2ozD-PvqX1_rg_jWDR0RlMp_fS9B9Oos2easFUVZUQ
688,360,2,5341,1612815043000,3541,659,False,0,yQrR2ozD-PvqX1_rg_jWDR0RlMp_fS9B9Oos2easFUVZUQ
689,16,2,5000,1481138884000,3200,1000,False,0,yQrR2ozD-PvqX1_rg_jWDR0RlMp_fS9B9Oos2easFUVZUQ
690,113,2,4696,1584463421000,2896,1304,False,0,yQrR2ozD-PvqX1_rg_jWDR0RlMp_fS9B9Oos2easFUVZUQ
691,9,2,4576,1606527323000,2776,1424,False,0,yQrR2ozD-PvqX1_rg_jWDR0RlMp_fS9B9Oos2easFUVZUQ
692,350,2,4172,1602774449000,2372,1828,False,0,yQrR2ozD-PvqX1_rg_jWDR0RlMp_fS9B9Oos2easFUVZUQ
693,40,2,3803,1587423525000,2003,2197,False,0,yQrR2ozD-PvqX1_rg_jWDR0RlMp_fS9B9Oos2easFUVZUQ
694,56,2,3546,1614478068000,1746,2454,False,0,yQrR2ozD-PvqX1_rg_jWDR0RlMp_fS9B9Oos2easFUVZUQ
695,523,2,3540,1591647522000,1740,2460,False,0,yQrR2ozD-PvqX1_rg_jWDR0RlMp_fS9B9Oos2easFUVZUQ
696,83,2,3255,1599975015000,1455,2745,False,0,yQrR2ozD-PvqX1_rg_jWDR0RlMp_fS9B9Oos2easFUVZUQ
697,161,2,3223,1603891158000,1423,2777,False,0,yQrR2ozD-PvqX1_rg_jWDR0RlMp_fS9B9Oos2easFUVZUQ
698,82,2,3071,1605881798000,1271,2929,False,0,yQrR2ozD-PvqX1_rg_jWDR0RlMp_fS9B9Oos2easFUVZUQ
699,36,2,2530,1527390674000,730,3470,False,0,yQrR2ozD-PvqX1_rg_jWDR0RlMp_fS9B9Oos2easFUVZUQ
700,427,2,2480,1599188714000,680,3520,False,0,yQrR2ozD-PvqX1_rg_jWDR0RlMp_fS9B9Oos2easFUVZUQ
701,234,2,2286,1612810722000,486,3714,False,0,yQrR2ozD-PvqX1_rg_jWDR0RlMp_fS9B9Oos2easFUVZUQ
702,420,2,2231,1612707727000,431,3769,False,0,yQrR2ozD-PvqX1_rg_jWDR0RlMp_fS9B9Oos2easFUVZUQ
703,74,2,2009,1602589127000,209,3991,False,0,yQrR2ozD-PvqX1_rg_jWDR0RlMp_fS9B9Oos2easFUVZUQ
704,267,2,1969,1532758266000,169,4031,False,0,yQrR2ozD-PvqX1_rg_jWDR0RlMp_fS9B9Oos2easFUVZUQ
705,37,1,1111,1489002769000,1111,689,False,0,yQrR2ozD-PvqX1_rg_jWDR0RlMp_fS9B9Oos2easFUVZUQ
706,147,1,773,1606439120000,773,1027,False,0,yQrR2ozD-PvqX1_rg_jWDR0RlMp_fS9B9Oos2easFUVZUQ
707,526,1,223,1612726166000,223,1577,False,0,yQrR2ozD-PvqX1_rg_jWDR0RlMp_fS9B9Oos2easFUVZUQ
